date,ann_vol_1m_%,skew_1m,kurt_1m,max_ret_1m,min_ret_1m,streak_up_1m,streak_down_1m,RSI14_last,MA_GAP50_last,MACD_hist_last,high_vol,ECSU
2006-03-31,11.313236413978867,0.08220008993299241,-0.6454186230451375,0.016833728670900605,-0.010669037563903028,5,3,49.4496189669771,1.4064012602894582,0.0018483627404029292,1,268.60485120952995
2006-04-30,5.433343334692848,-0.3572278693904939,0.5658570342827098,0.005614192679092689,-0.009456440804169741,3,7,41.166077738515924,-0.6121136435528585,-0.0022947538627451263,0,246.86938499223191
2006-05-31,25.116667966726286,1.140709482777531,1.3990498163715062,0.04890198554690239,-0.02068159956025839,5,2,83.97753551370994,12.24374089591469,0.01139969873138115,1,263.06120358593387
2006-06-30,26.060210202466006,0.5206614392988071,0.010515854817135573,0.03996378685980351,-0.027368918839037693,5,4,61.69083834453484,8.2008534606,-0.005542542303120776,1,272.1472041126031
2006-07-31,19.91631108454388,0.36304482997842114,-0.060932072311323804,0.022756742738589075,-0.02538389219680348,2,4,32.520325203251986,-4.497866996150945,-0.009372452045390556,1,132.29765563070035
2006-08-31,12.829977838716786,0.018764014446010117,-0.6242178222769512,0.015437392795883298,-0.015839989261024257,2,7,58.31305758313052,-3.7436434789303474,0.006662507356273068,1,268.1844564882768
2006-09-30,19.362354455670346,1.1204583571928874,2.576580287840759,0.038487599945792095,-0.01948691030772265,4,2,55.69892473118282,1.1328279952614428,0.004619953234601278,1,260.9338026240438
2006-10-31,10.267762013827241,-0.09947329369023147,-0.8436374640257354,0.009994669509594933,-0.012600606940229686,2,4,27.030162412993135,-1.3741689804129043,-0.0047483527796505194,1,133.96613517196474
2006-11-30,10.322829289696825,-0.20861302902281098,-0.6272376499818217,0.010908842980841271,-0.012813522355507145,6,2,58.80000000000004,-0.4730076283674278,0.003694330971945051,1,136.59303533000332
2006-12-31,6.68337324669413,0.05400149468820981,-0.15630764320215196,0.007049554219365595,-0.00967961826857533,2,3,35.68627450980392,-1.9480564321771143,0.00015319732594815116,0,138.2092659990463
2007-01-31,10.684829052001582,0.6270773492200514,-0.6174665418226608,0.012787904479299117,-0.008816641410662518,4,3,35.606060606060566,-0.5349811997889531,0.0010474172285448793,1,102.04789780393193
2007-02-28,7.305926371340298,0.48735284660317063,0.03701296410523591,0.009307359307359375,-0.009434626487361708,2,6,48.01178203240064,-1.1220166613183369,0.00057320203881632,0,101.40681450288247
2007-03-31,13.457112901974149,0.7352806715505759,0.4282222626189296,0.02145561632309656,-0.01345414607358597,4,5,35.27542372881351,-0.950246130957888,-0.0018677473210947787,1,201.81063163444117
2007-04-30,8.279783987608063,-0.15210065743947343,-0.505750374594673,0.007635851434502072,-0.012360211889346662,2,4,32.45614035087729,-3.820776961982597,-0.002554581693982134,0,96.90834406428212
2007-05-31,13.414033592404989,0.7259063816290092,2.0450602607073964,0.02511620932673564,-0.017285022058291744,3,3,45.51201011378012,-1.7083860453512734,0.0013918037665087146,1,185.10240876510264
2007-06-30,13.41415369613325,0.7318340596523144,0.9181160507530013,0.022931960947551566,-0.01473366074801652,4,5,36.900684931506845,-0.7888823465795003,0.0014228444757118956,1,198.28363501322715
2007-07-31,15.55505570893846,1.8830959955547115,4.174872840553247,0.03275712368774175,-0.011186203682125528,3,5,57.31795241528479,0.14375214555442106,0.00458434556202008,1,96.54389437305528
2007-08-31,28.382121564896284,0.07868246219437974,-0.38314235785370565,0.03911742707554233,-0.035850003585000345,4,2,59.56102427668775,2.287752529135023,-0.0012393960380602358,1,98.41033624859091
2007-09-30,13.097063980612061,-0.8151034194735911,0.5863980746378861,0.007513270722744103,-0.024800841725537315,2,4,18.196721311475386,-5.647052615077541,-0.005715459060090418,1,93.21486797687399
2007-10-31,17.025633192186262,1.143270957560732,1.157544221801758,0.02817720887706754,-0.016976556184317038,2,4,52.042740414833425,-4.939932249257639,0.0020948940004136447,1,182.31604194406822
2007-11-30,16.618338633898478,0.21105081977600681,0.00616330316636704,0.021730010906955366,-0.020892057701873523,3,3,51.78326474622767,-0.8861377152268868,0.002636443693843597,1,54.25083773731251
2007-12-31,7.445549918343635,0.5319119529712236,1.224744390571776,0.011205432937181792,-0.011005628833067216,2,5,42.90843806104135,-1.5667895785110741,-1.6308201708884872e-05,0,57.28576074263202
2008-01-31,15.935949797859589,0.16239928639457474,-0.2788523330328738,0.019647525086432305,-0.020363280931823713,5,4,55.94405594405593,-0.27414239487680847,0.0005666905982429121,1,138.7777579105826
2008-02-29,13.384223969834864,0.849454058961698,0.06334556783100664,0.02026746407508928,-0.012867797721498264,5,6,39.71291866028708,-0.15621701498840235,-0.002589380397956251,1,145.8310615500045
2008-03-31,24.0508843375255,0.3602963693351943,-0.7136862142993827,0.0355860267711392,-0.01874346392084314,3,2,59.61722488038279,5.755848850017475,0.00267675691005553,1,145.27977641329213
2008-04-30,17.98930582647302,-0.10371516062627402,-0.24656365099122235,0.02338816558821244,-0.024837686848860008,3,6,47.5536480686695,1.9821251241310955,-0.0065638925141694,1,131.75634974709598
2008-05-31,11.813231243035432,0.15114774709892434,-0.7401122813793877,0.013374979977575085,-0.015749920051167154,3,5,28.954937679769714,-4.106749741699045,-0.001936754270999588,1,280.7627142957459
2008-06-30,11.14560530834837,-0.034403348174057845,-1.349043083268964,0.011766641981403758,-0.011487789203084797,3,4,41.62537165510414,-1.8706505777947968,-0.0004696288657979955,1,149.6263034061252
2008-07-31,9.974322950009592,-0.14069953409672176,-0.9286248531583152,0.009275689627359363,-0.01178227680053101,3,4,30.32786885245916,-2.884438189328864,-0.0004320560702058586,0,140.16037791704036
2008-08-31,11.396565190227747,-1.5935592485285084,4.666879966255576,0.013300154453406599,-0.02434928631402189,5,3,57.93269230769231,-1.1359170923719408,0.00258740748427931,1,135.77791560385407
2008-09-30,18.03621099856442,-0.16189817948148696,-0.966947963258785,0.019511010362694314,-0.018514178579798535,5,5,55.247524752475265,2.6361099960521495,-0.003071484234080152,1,146.555216053935
2008-10-31,62.54664786203287,-1.26967348723963,2.9534966431816088,0.07296838254507465,-0.11250147562271273,4,2,59.29492157167263,13.47787498415114,0.008771480949211513,1,162.74664941528002
2008-11-30,34.70927572771655,0.214017879633555,-0.5079356096801506,0.04372373949579833,-0.03853025250119102,3,3,53.6890477406178,6.2118863328237905,-0.014882805594296292,1,322.07021625187576
2008-12-31,12.10330536131731,-0.1662199494784172,0.19295381149702795,0.014969106312503921,-0.016194856513571332,2,4,23.48178137651827,-3.387171016659918,-0.005883978500047803,1,321.8622683646105
2009-01-31,19.182395933020857,0.13789229303385894,-1.1140524513725671,0.022776644065565232,-0.017397102503485473,4,4,62.437331276513724,2.133798115210217,0.0003051760265380815,1,227.02327342927703
2009-02-28,13.912279780210302,-0.0715582274335533,-1.3744632745614576,0.014766759345072655,-0.012187976092816077,3,2,65.87048832271768,5.079048752847171,0.0011461367103730163,1,219.76024476140714
2009-03-31,21.773688662725256,-0.3577035574376723,0.09562759449808755,0.027531900218416006,-0.03032894361780969,4,2,33.00304878048776,0.9030768864669136,-0.0077203374621119016,1,231.69049630794171
2009-04-30,21.93153349400551,0.25030558922997204,-1.0130650516171944,0.025027134010087382,-0.020905081263971947,5,5,49.36431389741343,-3.777995535826728,0.0050866400192307,1,106.5231100326882
2009-05-31,14.572602651301633,-0.3372694118857085,-0.5106597785846869,0.016543289346636625,-0.01823299852856497,4,3,58.7155963302753,-2.2268948911092323,0.0036217944978241545,1,97.64283986868232
2009-06-30,11.85621769919571,-0.21006160147116704,-0.512003453225645,0.011359948068808912,-0.017772964708880123,2,4,43.251775848460944,-1.8155345385808874,0.0007097206074133189,1,104.4369915527809
2009-07-31,8.878724691257522,0.4924745307895487,-0.26584168472898595,0.009779286926995034,-0.010870276995612604,2,11,16.825095057034233,-3.36909217342386,-0.004094437904599809,0,211.01311925585145
2009-08-31,13.35092708595639,-0.0481305349454725,0.26814230158896546,0.017817371937639104,-0.019644279267321374,3,4,57.9493835171967,-0.8799781792952266,0.0031382993108693092,1,101.05680312168646
2009-09-30,8.47891668719954,-0.04099208733566513,-0.9619626142952451,0.010134908383112817,-0.008654233194686611,5,4,49.58333333333338,-0.03115005464686682,0.00012930412664380634,0,209.02034794287343
2009-10-31,10.198849937800414,-0.11860828177556576,-0.6753889951444343,0.010461410558403772,-0.013317191283292895,2,3,65.60170394036213,0.4234316845568964,0.004379158670237506,1,108.30763270787622
2009-11-30,7.442286229555613,0.01117064587967978,-1.199883032235858,0.00723168423898346,-0.007816122408425552,3,6,48.64498644986449,0.7137921849288187,0.0012308388965942127,0,106.59889423382623
2009-12-31,7.786269172844576,0.3424361299427899,0.12047658220226865,0.012821373430891958,-0.007602070908971803,5,3,59.90566037735844,1.3091851875659533,-0.0009270723247489388,0,108.6343738717501
2010-01-31,9.451428352660681,-0.21012732950975924,-0.4346508864062715,0.010041669512944829,-0.012227362855254387,6,4,62.18390804597686,0.08048289738431524,0.004503436369626197,0,180.42664963143602
2010-02-28,9.713756851877314,0.7146593098266374,-0.46004922724530806,0.01569282136894823,-0.006371100164203614,3,3,64.07249466950972,3.300350743209779,0.003195195222957546,0,172.3394143953074
2010-03-31,6.865401575299003,0.10674859976530769,0.06565403878458698,0.008813160987073854,-0.009704341075241096,3,6,43.296089385474815,0.6141623252348793,-0.001527490785837705,0,166.25561031528835
2010-04-30,10.33590495963736,1.0965073769222917,1.3768446690741616,0.01578734313857777,-0.01202178533475029,2,6,43.030794165316074,-2.009739079108941,0.0013062153607089518,1,167.1432014295424
2010-05-31,20.918216941551663,-0.3531604681351478,0.5681925718856933,0.028506345590628035,-0.0311264191861208,5,3,48.09421841541753,2.4757467273365474,0.0025581489838992916,1,172.1202779823704
2010-06-30,10.171097304980947,0.03750796756323077,-1.3950545154843357,0.010411408379606302,-0.010209194538394084,4,4,42.3785594639866,2.1388282469406272,-0.0013698318358751228,1,267.3201968506354
2010-07-31,5.693190358289339,0.24955822891334692,-0.3094852854370145,0.005023486430062674,-0.00924499229583986,1,4,22.451790633608965,-3.3376507689472312,-0.0032698468524385346,0,161.01890955427785
2010-08-31,8.896106444813453,0.048154250070392514,-0.9547578283308584,0.009484291641967957,-0.009453295432009012,4,3,66.83168316831681,-0.6676522050006795,0.004186247183844473,0,162.34582671029753
2010-09-30,7.127835485206474,-0.08496555771429325,-0.5001849087811818,0.006529850746268773,-0.010719131614653987,2,4,15.251989389920482,-3.186442118345967,-0.003128505573327894,0,331.1603115030566
2010-10-31,13.432433464796171,-0.1979276637704714,-0.702256682440324,0.013303927148548667,-0.018500621289521013,2,3,56.23359580052499,-2.348793528517945,0.004103246281987712,1,106.03248392052605
2010-11-30,11.333848234329674,0.027654413445854904,-0.9600275905739535,0.013943950786055925,-0.009654291190459352,3,4,83.5974643423137,3.43399477531936,0.010090748680609848,1,176.21809823060272
2010-12-31,10.18697925794196,0.6037109876973136,-0.24935536658831658,0.01721993059647753,-0.006840557473468789,5,3,75.36372453928232,5.496836792624515,0.000513750737827303,1,180.43863675607926
2011-01-31,11.765255325010228,0.37925054033916267,-1.1758838186394935,0.013901520072755469,-0.01051612903225807,3,6,52.00291332847781,3.8365141111662338,0.0004805829554440505,1,169.4211265468268
2011-02-28,12.192958941514993,-0.06931961052447022,-0.9529992657974149,0.012265284187898962,-0.014621344663834135,3,2,59.36395759717318,1.700566855618546,-0.0003140298669406724,1,120.9452885668771
2011-03-31,5.976461094203505,0.3513796617089642,-0.8193806251903086,0.007037429158622377,-0.007569177317285014,3,6,29.72181551976594,-1.795802430172011,-0.0032942141470830195,0,169.5464201352989
2011-04-30,8.1227776631702,0.024361410790698323,-1.1058540156874244,0.007021918886993106,-0.009644835451287026,3,7,57.876712328767155,-2.7102555515780002,0.002157295656639,0,327.0150727848725
2011-05-31,9.586174623054278,0.5781387091430744,-0.47323594054899454,0.016822666329370017,-0.005518625360592,3,3,72.30428360413579,3.3614410712003773,0.0026605295201780482,0,168.72811679974768
2011-06-30,8.6614759517947,0.6150025892283183,-0.6264864877571434,0.012346452745048975,-0.006747972512845868,4,3,74.22334172963886,3.833491165817926,0.0036963272453882333,0,167.4269420337705
2011-07-31,14.208685039380025,0.8916706739237565,1.2044522460967357,0.02650904531613829,-0.013157894736842035,4,3,66.46884272997026,3.3574703993516364,0.0026297856604438376,1,172.13868220228247
2011-08-31,12.873255110134597,0.08393864071341338,-0.8066933270930572,0.015118543122208283,-0.013144533453683827,6,4,52.243211334120446,3.7010231739679655,-0.004816871853688374,1,183.41386583925728
2011-09-30,9.877887542971427,0.09682895332896733,-0.42687784103599524,0.016241170254185366,-0.008701548197536435,4,2,80.4179566563468,5.380174523481784,0.004813105620122913,0,184.27373276647313
2011-10-31,14.881159333819664,0.01944433149831353,-0.5651871064748764,0.01623968270982945,-0.020095481292328077,4,5,30.178759200841256,-2.7237354085603127,-0.013654999772049125,1,312.52867607640445
2011-11-30,15.93895735172482,0.3892535053579152,-0.578128652181852,0.02314445331205106,-0.013508949679162496,6,3,77.46710526315773,1.5457668437286909,0.008259311805919267,1,120.2736527212432
2011-12-31,8.375154713752693,-0.6873806144483812,-0.16739622086329753,0.009174311926605672,-0.010271807838179603,6,3,79.9292661361627,4.251583881791987,0.0020857172996221612,0,381.10460419068124
2012-01-31,8.021700604134576,-0.44749537020252056,0.021828428554730106,0.0062536747020149885,-0.015557381539304305,2,6,13.126709206927828,-3.647562641192237,-0.007324278894321971,0,121.14428550496741
2012-02-29,9.713973535767947,-0.026877083454270655,-1.345074435018186,0.008975742771118567,-0.010053057805082366,5,4,53.83502170767001,-3.3169085624161543,0.0041739476156499936,0,122.07700106074277
2012-03-31,7.519056342096027,-0.0320950533331985,-1.3375725746569316,0.007855900342292887,-0.006994963626189121,5,7,48.94795127353267,0.0519312349517298,-0.0019609287242838974,0,117.40519533129445
2012-04-30,5.98313193316941,0.026533365544563547,-0.5661576978905947,0.006918274368637123,-0.007716394542607974,3,4,32.02846975088964,-1.1795637991914854,-0.003924115009498726,0,174.53546027484555
2012-05-31,8.335118769077908,1.1525444874208879,0.03001405117250222,0.0139455782312925,-0.0038963147356458894,2,2,76.82801235839338,2.3362369861352095,0.0024775392788917786,0,184.46146639650834
2012-06-30,9.481781828105333,0.15084381063158392,-1.1356978867617593,0.010057859730708829,-0.010186849703110568,3,6,45.13422818791945,0.7710997258778551,-0.0010106440836092885,0,191.12181329476581
2012-07-31,5.626493633090641,0.437897264254804,-0.7458775210012143,0.007422177910712424,-0.005166822404221283,4,4,43.33800841514735,-0.660979382405269,0.0006150771456766897,0,120.3580404909035
2012-08-31,5.9821863364978665,-0.2901775973450785,0.05182556921217252,0.007938270234262301,-0.008177699193281152,4,2,77.08333333333317,0.5742987993344162,0.0026460958386230124,0,171.9821387526716
2012-09-30,5.832066955184147,-0.30506837204658654,-0.7522477885448797,0.005021200624860445,-0.00828820864183899,2,3,39.87500000000007,-0.6545724085357363,-0.001369284399926047,0,125.53739853261807
2012-10-31,4.881850754283985,0.6257137212479141,0.1641133284470726,0.007194244604316724,-0.004485049833887089,3,5,53.41130604288484,-0.07654844185092102,-0.0007032765738326889,0,164.5030877017068
2012-11-30,4.246341043511523,0.059886665047604426,0.6306777664986933,0.004786020368412247,-0.006764311270125223,4,6,48.501362397820046,-0.5335136927023476,-0.0005788400665792849,0,162.2882517199835
2012-12-31,3.318405874035853,0.7826123954506938,1.3223334445819592,0.005938708050871266,-0.0035840286722294,3,4,49.76851851851829,-0.05088967653809062,0.0012453292831300512,0,154.76178973159497
2013-01-31,4.04147500727891,-0.18788640723574737,-0.5180678870516386,0.003985405557114685,-0.006269415419372981,4,6,41.83673469387754,-0.8262514982963043,0.0006733023307555139,0,165.24435254377005
2013-02-28,5.078737661420847,0.14630586300972134,0.1897034381680167,0.008486960431654644,-0.004933930698122979,6,3,80.3680981595095,1.7625255925829642,0.004849468024282235,0,157.9740284379203
2013-03-31,4.2227480522968674,-0.2809922925506368,-0.8394278171928051,0.004449140759690717,-0.005198539984515027,3,2,68.42105263157875,1.5756808701184122,-0.000528893242213108,0,319.7922723045415
2013-04-30,4.033963535712145,-0.7625841680907239,0.04163266563217727,0.0031250000000000444,-0.006984866123399436,5,3,58.333333333333414,-0.2377431375659822,0.0005936362213592975,0,154.73436385292766
2013-05-31,5.389157306260244,-0.0010805944968087099,-0.7345466562409757,0.008423326133909281,-0.00399827101793826,8,2,84.91561181434601,3.0563554818594296,0.003825618196831665,0,166.67528147842546
2013-06-30,10.731154193065198,0.41138115325405483,0.46959451338323044,0.018837888033961248,-0.009748643094272036,6,3,63.6484687083889,4.315707116334777,0.003297550664935471,1,158.10768470400208
2013-07-31,8.17273504538769,0.9724729492554258,0.9478353977208109,0.013610389610389628,-0.008363933088535336,2,4,40.93023255813951,1.006501808852689,-0.0033746470867068532,0,164.3382968884789
2013-08-31,9.726795951147546,0.3621199911420262,0.1275024052097451,0.016385351890238153,-0.00882594417077176,9,1,91.32420091324197,6.096231559121068,0.011071114446857043,0,312.8442030708306
2013-09-30,15.869380927660142,-0.794501384878702,-0.13809902504207106,0.0126256374709115,-0.025026172790268753,6,4,49.028677150786315,3.058164292252674,-0.0018102691322174694,1,162.6053876227656
2013-10-31,7.133741178927679,-1.2082744447167142,1.0976264075631352,0.004647403515861681,-0.012939907852171473,2,7,40.03906249999999,-0.4433402026412514,-0.00037825073795919907,0,157.95827832579934
2013-11-30,7.530821798308238,-0.5002513837353891,-0.2579316042325299,0.008479678876066155,-0.009702489975743633,6,5,45.743766122098215,0.5702782296684195,-0.0028197292818075955,0,160.0275628790453
2013-12-31,13.58980524857486,1.572700938079672,3.669943311855703,0.03086596170334377,-0.012059883559744966,5,3,75.73879885605352,5.039704920030119,0.009220416860769128,1,163.17051628164467
2014-01-31,19.869618438309622,-0.9326175391141155,1.6503823178276456,0.025276106671455523,-0.03285044737963361,10,2,64.76787240102531,7.413037629603991,-0.0004991871850798663,1,117.25407515400319
2014-02-28,10.145956715651746,0.6966141650200103,-0.5635189641996683,0.01184448462929466,-0.010005832996814235,3,6,54.80822679266261,1.7330341916082626,-0.0007528941697488829,1,107.00789181685595
2014-03-31,9.748875353032266,0.36445432089341406,-0.5078987402256363,0.011226725082146949,-0.009561254579572798,3,4,42.350486787204346,-1.5916335394086545,-0.004098353775821467,0,105.68692085854924
2014-04-30,9.126176896422672,-0.695397178856093,0.2634448694388203,0.008748989586800482,-0.015589388276050609,3,3,64.18439716312058,-2.7110502603022724,0.003257481070385808,0,100.89312898705722
2014-05-31,7.13510587554182,0.38908541311342826,0.130801732679231,0.010188878742730667,-0.008396946564885654,4,6,58.84732052578362,-1.7507575303012168,0.0038191403366243937,0,116.23954207420925
2014-06-30,8.37090029182078,-0.2405791202960259,-1.0206416578618347,0.008691935024223385,-0.009088327179778477,5,3,67.35474006116206,0.7016736587864614,0.0013177428079370395,0,114.15887150495261
2014-07-31,5.2031710603547605,-2.1467242321768505,5.665173914478968,0.0037678975131876236,-0.01220719234576051,2,5,18.412698412698447,-1.0194673679755684,-0.004441218860266504,0,113.85033269808443
2014-08-31,10.81659064691363,1.2013045655751324,1.4467937245615445,0.01980339759496097,-0.008931037657674334,4,2,46.5292841648589,1.1175312718267882,-0.0010031353754980446,1,235.91364200377134
2014-09-30,7.521552041871137,0.43316606198488833,-0.7549744331616601,0.012646542970552899,-0.004487353821049811,4,2,81.3380281690141,4.959340323879791,0.0054171236768761725,0,122.41257331723044
2014-10-31,8.429028338168761,-0.2396355548542943,0.31029226107397667,0.009551605200318392,-0.013393830984686494,1,3,32.644272179155976,-0.12662348757777053,-0.007775875389425797,0,120.31406905651293
2014-11-30,9.556728802746711,0.638067402413003,0.10628106567309992,0.014313104739822391,-0.01050641814665021,3,5,27.550200803212874,-1.2838570700226648,-0.002488461570323244,0,225.68421826655333
2014-12-31,12.88337559557807,0.46120021629525065,1.3653436300601571,0.0210109360199775,-0.017893315327481507,3,5,66.53476540418313,2.6603299802634206,-0.0006135524801099065,1,132.58599874218936
2015-01-31,11.260381807886178,0.6260082368518616,-0.7495373411669508,0.016607505070993955,-0.007683392711507975,2,7,74.18582375478915,4.5389284423061005,0.006179867554421863,1,141.07929968541532
2015-02-28,12.235119273261876,0.8317301666791563,0.23591879084619416,0.02111867464938899,-0.008343361411953465,2,4,60.43131739334271,4.251772796547182,-0.0036106846752200702,1,137.04769253909225
2015-03-31,12.225114786374457,-0.051056534332112914,-0.6019998807600664,0.015989000196424907,-0.011510023629849875,8,2,45.96658711217183,4.589055286728949,-0.006188906528053234,1,298.38227760643304
2015-04-30,11.589225968433109,-0.4602255679251157,0.17395583320617547,0.012663398692810413,-0.01729381160004384,8,4,65.40930979133228,2.710681572259954,-0.001523402514777089,1,145.7713615585619
2015-05-31,14.504254185073984,0.2373235205148776,-0.23936221162780225,0.020708836020596255,-0.014259377704202603,5,5,41.80098107918717,0.65693408544234,-0.001662590870336175,1,138.38027266780125
2015-06-30,16.895664943003393,2.20409122272319,6.4393759429280735,0.03972417928346572,-0.013165152796675628,5,2,34.19023136246777,0.27327270708401574,-0.007946304799845906,1,139.38615451447532
2015-07-31,8.67843076156402,0.38681760180096414,-0.3638290102971511,0.01445710176739956,-0.007254548188242449,6,4,77.57475083056474,3.2224569284383664,0.011806787982143577,0,95.98242730588633
2015-08-31,14.277699604338528,0.1638881611102827,0.4671641992635567,0.0230205429957675,-0.01752438614194407,7,2,67.70118099423243,5.765963781885741,0.0033944014019331933,1,135.41441213518786
2015-09-30,11.339819386182096,0.3985598809631539,-0.561418886881941,0.017165079790800508,-0.010364393715766362,4,2,53.44506517690879,5.38993029773831,-0.00587733645042661,1,126.75488375124799
2015-10-31,12.259210858401913,-0.6723957197598603,-0.1638438882660429,0.009409575018095362,-0.019579897519427125,2,5,41.18895966029733,-2.131009095284808,-0.0037945866460829224,1,91.00573690169934
2015-11-30,17.303503821994724,-2.054853563307826,5.728711109731464,0.01626355296080062,-0.038250804739401345,5,4,50.1019367991845,0.024075816936242056,0.007548705586741648,1,202.54153353346828
2015-12-31,8.112223144017271,0.4676083910350364,0.3868430423751108,0.012280882302494023,-0.010780218299420552,3,4,49.31750741839763,0.44699048705478805,-0.0038199534959800557,0,141.30065433485927
2016-01-31,10.753509588284723,-0.1715531342427155,-1.2379411021745905,0.011128074639525254,-0.009629065881340826,5,3,47.9742173112339,1.0949639517622511,-0.007266302550277971,1,50.73309132991083
2016-02-29,8.679821862263667,-0.5415274720964509,0.3633041680399045,0.00838372732270476,-0.014730283430970825,3,3,49.89561586638825,-1.1307049048873807,-0.0007740448818773903,0,50.80582290608232
2016-03-31,9.84673005555519,-0.6167426015812999,1.1356024720341473,0.010904753791105781,-0.018121289082609682,3,4,35.19125683060105,-3.1782502568496684,-0.001097368106389763,0,51.886537973917726
2016-04-30,6.7608090213373595,0.09247254155078183,-0.7822536574195551,0.007520920871438186,-0.008071278825995787,4,5,36.53846153846146,-2.043878784510411,0.00037133372151995983,0,49.9036025222426
2016-05-31,11.966378039888584,0.7891389242792866,1.387894389535811,0.0213672229592905,-0.013255230125522877,3,3,59.71896955503511,2.6917707178124806,-0.0027545081137651806,1,51.342142678732806
2016-06-30,10.00428046734837,0.38137633786366076,1.0234888482054405,0.01618661398218424,-0.012976452651194292,4,3,49.88157271435335,-0.5106260884009783,-0.0018084551462358724,1,54.6910918260953
2016-07-31,14.522067917673287,0.8651094429002628,-0.3893677304867853,0.022606106764522682,-0.008391014757738069,4,2,65.4881608822575,2.581422582780335,0.010502042209663762,1,76.61789695300607
2016-08-31,8.020960461055518,-0.12794696076156975,-0.9943205055069226,0.007111504304331495,-0.010934393638170947,3,4,42.83987915407858,0.13268477251089372,-0.0021009485793496326,0,53.18466114002368
2016-09-30,7.845963388220581,0.3757779562839126,0.5797373431878605,0.01263250584211062,-0.00909640171858217,5,3,65.73681018799283,0.8364455900475853,0.0042599502981714495,0,73.33410914364548
2016-10-31,6.025376210363394,0.4151734282481742,-0.6794170182513364,0.008574277168494682,-0.00461528530854638,4,3,67.0230263157895,3.297716566287301,-0.0015921813705379456,0,77.63886465352986
2016-11-30,10.707757077317334,0.7283660596176187,0.6144587998791304,0.02207212640212286,-0.006499347163789304,9,2,84.00697877289906,8.841233675879877,0.00882773114088066,1,64.8062659846769
2016-12-31,17.889377884740153,-0.08169030152272198,0.20601865943665576,0.02537800177883187,-0.022636143893075555,3,3,66.9217687074831,5.654179793063263,-0.006932006171166641,1,63.60063087237513
2017-01-31,16.752568662909002,0.19361461799601523,-0.5525089352342496,0.024531064394043955,-0.013021650454973277,8,3,57.33610822060355,6.842625512882461,-0.0029145757957992346,1,101.44438459030837
2017-02-28,12.066384299064968,-0.006040269827245023,-1.1196081512936933,0.008503309832624595,-0.017018325375443455,2,6,29.4455713319809,-2.3540852860162054,-0.016157423813529703,1,101.56377959820362
2017-03-31,12.857405269842664,-0.4731647700605764,-0.06964010848475555,0.01385452746165261,-0.017862969004894036,4,3,31.939799331103714,-1.36474479629487,-0.003351707194873727,1,101.35155164007288
2017-04-30,9.859076359721085,-0.021377231008028963,-0.7944635603503678,0.00926128890837341,-0.01280961132292835,6,3,20.86614173228348,-2.5879091720450442,-0.012578274732445181,0,101.86815099219626
2017-05-31,10.489031619522432,0.4243929055244837,1.0486613157138809,0.016343264721574657,-0.014284530157765318,2,3,44.06146179401995,-1.2682742312601247,0.0034148990824276367,1,184.49711071927425
2017-06-30,7.48536614335207,0.3634142192629617,-0.9693929319970778,0.007317142613102456,-0.008653765368135113,2,5,47.27174500270124,-1.384352066985095,0.002021955341301087,0,191.37837971741735
2017-07-31,9.443556381536197,-0.10106457905118339,-0.6272564937413772,0.012132875909965701,-0.010251863345432488,6,6,31.20923231309588,-0.4494921110811845,-0.0037009863915954,0,97.17380937385943
2017-08-31,4.9019770065627695,-0.7897797271745766,0.8127298744412466,0.003462662844492481,-0.009642980140052715,2,4,12.519201228878785,-2.5963751113281197,-0.008152935177325554,0,196.0366108199782
2017-09-30,9.346307745500056,-0.021623183102914154,-1.4119818229348307,0.010549742759697223,-0.006485932921798887,4,3,77.31009536336738,2.058685455382392,0.017054402190151165,0,191.31615800275412
2017-10-31,13.166804531983956,0.7554957992550589,0.9900093650311232,0.025480529551874964,-0.012420573699762016,5,3,64.70782436447679,5.989852274258034,0.009280334643171621,1,89.16207080039494
2017-11-30,9.424738850600697,0.20531334381897942,0.6336843389077473,0.016794206769041198,-0.010689524769948222,4,2,70.01647446457997,5.5756401336821915,-0.003934178222476381,0,100.47820853817791
2017-12-31,6.746834908132731,-0.8034091963888184,2.655643261814819,0.006980620962700579,-0.014467283054430569,2,7,35.663430420711904,-0.9216649666087817,-0.006875071574379291,0,103.20185010074114
2018-01-31,9.823117463104568,0.7088900507902739,0.11391905503686317,0.014816388306205353,-0.010111859167474369,3,6,49.12842404838142,-1.2458314489108724,0.0008063300284068542,0,70.5274297583165
2018-02-28,6.817986368085226,0.1998467025726497,-0.5213069142711673,0.009528346831824797,-0.00673480706758578,4,2,53.28185328185324,0.03605425981343391,0.0011098254992495927,0,65.34546558381314
2018-03-31,7.112508522051256,0.6615373916075815,0.19565378095161545,0.013330949766325206,-0.004828830660533079,5,3,87.75337837837841,4.523001014908146,0.01032380793010191,0,68.80344960227318
2018-04-30,13.016932848530688,-0.17323284942462194,0.2924438285626665,0.018342324668955357,-0.016886787855158403,8,3,50.117924528302005,3.058927433906833,-0.010183781890062978,1,68.21119128691905
2018-05-31,29.64146073508539,0.5347607222297235,1.795621730812047,0.058609336502191356,-0.029638936376181868,6,3,60.482858522452894,6.815867367008144,-0.0032096030952724064,1,75.00841681085511
2018-06-30,17.138746776619065,0.5611357578684373,-0.29366097940893443,0.02486132460068169,-0.014460794707603641,3,2,55.70469798657716,3.6919043678805386,-0.0178994658763382,1,145.99812557537518
2018-07-31,19.630402469079016,0.8777752500012758,1.2052072778225194,0.038536961551173254,-0.015232061101829064,4,3,68.22958771220704,4.336828568053885,0.0030812582104255207,1,142.00747045532393
2018-08-31,81.3863534440097,1.043507277134259,1.8640107649643713,0.1584308188785799,-0.0626991750911059,10,3,69.02338612842358,25.86799256457455,0.03979325028491015,1,146.66161976097214
2018-09-30,26.028183333781662,-0.2681297987465692,1.3045300127288622,0.032122169562927905,-0.04574362839779522,4,5,30.12594458438285,5.343579099246787,-0.08053775294254115,1,152.446817340929
2018-10-31,18.88931572131868,0.4817805834901159,-0.5711484725516072,0.02177370895337738,-0.02336284429454749,4,9,21.317941317941305,-9.658796681243519,-0.02566321527600242,1,150.63885261289204
2018-11-30,14.46539368275902,-0.09279905839845952,-0.3737664140373891,0.013378111564224193,-0.01956848971399905,3,4,9.87872662961081,-9.13723750650185,-0.000576841013392726,1,144.74318753732177
2018-12-31,12.432876267818498,0.6980328014532006,0.32632643153116847,0.019141201863001278,-0.013387006178618321,3,3,46.806482364156444,-2.2909277245043103,0.0035024353776301823,1,140.3064424620158
2019-01-31,15.996118085160155,0.7511654177536018,-0.48671544990909643,0.02385231783119912,-0.012752930094378834,3,5,32.04430625728723,-0.9291406151926473,-0.012312082128359582,1,223.9685063818133
2019-02-28,7.630111321285347,-0.6401039996867282,0.7999485754363822,0.008358243055423209,-0.012727891671079572,5,3,61.5598885793871,-0.428907179075777,0.007844311148661796,0,118.91244881663235
2019-03-31,22.635589597422488,0.0662924108505257,1.9720933662866988,0.03969814429900942,-0.029812513625463333,3,2,55.27229204069419,3.676933838195806,-0.0012143960560118267,1,122.25814107147859
2019-04-30,11.068252554292306,-0.0027082623296717403,-0.9353293860387488,0.01554310826144123,-0.008017794330643535,5,2,82.00734394124862,6.950552320032277,0.011075241325022217,1,231.48143662176395
2019-05-31,14.047545299158651,0.7559563777078127,1.7775180558336983,0.026040017993102627,-0.01525032774099333,7,5,29.883351007422974,1.434045136799722,-0.028821287169713064,1,237.65935994604382
2019-06-30,12.465507553633646,-0.4872485903800371,0.3103279202365492,0.010554916919218282,-0.020640010917030605,3,3,43.3391170233276,-2.599789313813161,-0.009059618251963192,1,114.71152372384093
2019-07-31,12.394154774514345,0.972764803791834,1.7417223678713727,0.021779425393883223,-0.013164741388281831,3,5,33.55798280269576,-3.952390950425577,-0.0011473844166560304,1,219.8484302825276
2019-08-31,13.536851136272118,0.8365784478794333,0.10335355923713418,0.02280089485458614,-0.008672280953234135,7,5,73.28113063407183,2.077354457455116,0.035622035992517224,1,109.7343964561041
2019-09-30,10.360841656773772,-0.9381973315424493,0.4789570607798481,0.008120915320520838,-0.018537091475013034,5,3,41.9396440546815,-0.20858452954066742,-0.008510356569043007,1,115.77591843532167
2019-10-31,12.261444569165409,-0.44845314869778924,0.24770399933318998,0.014256867318873434,-0.01897745790331351,5,2,40.42686754551162,-0.26394492839746375,-0.014680566487408425,1,233.30726763135928
2019-11-30,5.539660170762408,0.2811877422361522,-0.35481406927793335,0.00793901710752798,-0.00623134523747193,5,8,54.237288135593346,0.170325326931553,0.0030269200112644553,0,198.57384974674346
2019-12-31,5.575752225722676,1.1053086901562923,0.6570149121387971,0.010703786961784534,-0.0030338753857356293,4,3,80.05939753924511,2.7032941543567723,0.008452084940783235,0,234.14549206641325
2020-01-31,6.24973301714972,-1.3654009362679542,3.7535062375225365,0.007073461735128683,-0.012785066773907006,3,5,72.28381374722841,1.913154401563455,0.0028535142627603427,0,76.33227674683947
2020-02-29,3.909089788492843,0.13700909915159074,-1.0709937979440038,0.005905157607184464,-0.002699450352879995,5,1,86.37090327737793,3.1611406307836543,0.009386072398812437,0,156.61544617494687
2020-03-31,15.31207309656741,-0.4816080253849812,-0.6936477506751757,0.015810702629472262,-0.01677544114092333,8,4,72.83375028428469,6.025748808779752,0.004071390467085975,1,439.808856848311
2020-04-30,8.589227173628403,-0.08998398400257902,-0.8761406858811052,0.011137278735850353,-0.007495852097653466,5,2,74.47207883622696,7.390040911223217,-0.002967666266741553,0,83.315235132474
2020-05-31,12.350931037466486,0.06213324857708017,-0.4166206390604361,0.01225809159984892,-0.017293576079293382,4,8,30.180247281394287,0.1947740682678445,-0.04711812553208389,1,86.604442018051
2020-06-30,3.870309899197958,-1.3984057752082069,3.4221583521613415,0.004650546733579564,-0.00750673398195445,6,3,86.04368932038851,-0.5946195070351767,0.005632241351317596,0,157.56379517492783
2020-07-31,3.5892840838156004,2.6033772189448587,5.165528870988391,0.007641003334783125,-0.0010925300081574552,4,7,84.163987138264,1.6155671826328488,0.006282961291347289,0,68.16009580037904
2020-08-31,13.614290258792689,0.9000775229615324,0.6317093339823558,0.02462927512214641,-0.010905408918626791,5,3,50.501299665800204,4.209474971185823,-0.010240767652917829,1,72.51089126566592
2020-09-30,10.722279198839212,1.0808028967599634,5.754066128343954,0.02596390158822448,-0.014146519383076317,8,2,77.6464875364195,6.939581959350916,0.01618267430581327,1,77.35654749440144
2020-10-31,10.885444658582296,0.5376928354596795,-0.4489403704076387,0.017347695929176288,-0.007429630964950751,6,4,70.86225794665694,6.378360567424468,0.010259516733919602,1,79.16429286782125
2020-11-30,25.698031399685817,-0.36006672782749244,-0.4849163839193955,0.023853428518742836,-0.033492597180439954,4,3,36.80747922437671,-1.1934549581239629,-0.014971464340439028,1,83.7123526466027
2020-12-31,9.543169640899343,0.6827322092027227,-0.5599270016561202,0.010834181078331673,-0.010310232244590378,3,13,12.516527104451342,-6.724482765268947,-0.039611228922818265,0,76.12354395491543
2021-01-31,11.351824821268997,0.6768238004983008,-0.6913586211086136,0.014552087555735671,-0.007978258237248848,3,3,52.389705882352985,-3.0014444190238687,0.010512095096145188,1,104.08058832872706
2021-02-28,12.242074187407361,0.5342797751965892,-0.25018245861287225,0.01570048309178751,-0.01408354692697833,5,5,59.8578116871857,-1.5016574963261697,0.030800432997159247,1,95.91986142143026
2021-03-31,35.18596277954795,2.049500620260237,5.910181707751782,0.08764989491902586,-0.02552604808052683,6,5,69.41145281018026,12.93916423122834,0.06760074638646496,1,107.35489490708005
2021-04-30,13.330290512088416,-0.2704978324999596,0.08757746530773147,0.015481735719539147,-0.018631306349510823,4,3,51.975786110644044,5.089811369562747,-0.017881115270015985,1,106.74228604096452
2021-05-31,7.563769596683172,0.48855988466868117,-0.0781071803975002,0.013921278484758659,-0.004057450628366377,4,3,72.58654052891832,4.982472483024036,0.006293039088188873,0,144.76759578944493
2021-06-30,14.986851392864637,0.27866228636360885,1.0502468885744536,0.025190364446147306,-0.020709747621889152,4,6,56.76629306766294,3.4136660481389303,0.00133729344774558,1,149.44023823640345
2021-07-31,6.36277642194584,-0.46290384228561954,1.8671963935056075,0.00742504574672731,-0.011891791650247008,2,3,27.04876822523906,-0.6629935343660631,-0.023448232167926242,0,140.86879993089653
2021-08-31,10.69400689261755,0.5914109010840659,-0.7966780663110633,0.012709854880015303,-0.009843999624095545,4,4,24.873382104670753,-2.1478422096489647,-0.014589649806486592,1,270.89536794684955
2021-09-30,11.1190983616304,0.7836535180636716,0.07427811536037776,0.01912612404888181,-0.008474071248942172,5,3,79.79527559055087,4.024197790636497,0.04577285038303261,1,142.75259161264816
2021-10-31,17.67260968572339,-0.3126766630043371,3.4948078873933826,0.03234649122807021,-0.028625034602253407,9,1,75.13141932875057,8.34741896928508,0.03130338168594879,1,146.2532488303743
2021-11-30,39.79013714906682,0.6997099496055705,3.0214791063021247,0.08812202335742936,-0.04823092574559229,8,1,85.3153690234887,30.709732316263484,0.21032400405002616,1,172.70428547009175
2021-12-31,105.27613681753934,-2.6941107600652,8.20417527588448,0.07388839309150086,-0.2547044776801527,5,3,46.43062010026021,9.93920275579898,-0.3630360264258986,1,283.64403461336786
2022-01-31,16.161968874839765,0.4502586173950035,0.5535035058285751,0.027082740425662832,-0.017499237708514692,4,4,42.608809305973125,1.886459059299872,-0.024605606617803144,1,509.1529307204777
2022-02-28,15.13504666696127,1.3666889385065721,4.01671654837423,0.03246268926913687,-0.015068483101143615,5,3,71.5610644014909,4.635885746254531,0.0461987733180578,1,497.2275415731943
2022-03-31,11.348333101829967,-0.5773200144466419,-0.20106523079570504,0.011998324841208996,-0.015023320630225823,9,4,43.75159723996942,4.335184442209039,-0.04002608200049301,1,270.3378351256384
2022-04-30,3.5889388850750215,-1.941121043141906,3.956646565294246,0.003159277996037213,-0.007018523182910408,10,4,57.07729468599037,1.7344967645236409,-0.0016649239558520768,0,521.2946162405624
2022-05-31,8.92197329068601,0.1586407764248155,-0.699526252624401,0.014831842801360295,-0.004738742352823122,12,1,93.92247668591011,8.749742655408577,0.07752921240087374,0,83.7411196347515
2022-06-30,17.309626244604804,-2.2279927388498373,8.24865157627097,0.0229829435134572,-0.04045664044743413,8,2,28.086266732771435,3.9960292549746423,-0.1366278062321309,1,88.4092638561806
2022-07-31,5.678722849524285,1.3762574327971442,2.176519530056626,0.014463029102867786,-0.0004611026941571117,11,1,100.0,5.73472983873724,0.031238435805619524,0,79.62245025923438
2022-08-31,2.1444816422360304,2.9874836402764986,9.425032197072538,0.00601074378787958,-0.0005909671232722236,8,2,99.15718499789342,3.2056798598659952,-0.012905147344473455,0,77.32648576215469
2022-09-30,1.3030649347988306,1.2450945554380646,0.9464253083540042,0.0030701015578726842,-3.28725694844767e-05,13,2,99.93002099370206,2.2500065088394416,0.00882178659946345,0,84.9458157460235
2022-10-31,0.516400404427956,1.1627114197909931,1.4816148303645775,0.0011319473267177305,-0.0003279728589017372,6,2,83.18584070796496,1.1413935118514296,-0.014203407139227922,0,83.26623699645766
2022-11-30,1.8545568744670793,0.026205397405425792,7.31577958431415,0.003801604762521116,-0.003648046763768953,4,5,59.84207557811615,0.32001263609844344,-0.0027979237607715403,0,139.971270205013
2022-12-31,0.4496962837066769,0.5991719360754306,0.8075415769030645,0.0008770710106640323,-0.0003859968905804978,10,2,97.14285714285928,0.463810329080494,0.005002505240991877,0,138.488625771666
2023-01-31,0.5009653917096802,0.1647100134768974,1.6603759656366073,0.001034495630055865,-0.0005845373917940933,10,1,78.04878048780563,0.5416315484538359,-0.002688943245663107,0,86.76612062969318
2023-02-28,0.2869357009965191,1.4584950559887073,2.5668538042885833,0.0007594788806448705,-2.1228042243803813e-05,14,1,100.0,0.5003959451388651,0.000536485016353283,0,154.11288914229291
2023-03-31,0.8912934988808916,0.4891913274618129,0.2289110208233458,0.002032233628503466,-0.0004391302047509482,19,1,100.0,1.3828265724872502,0.012307778256208324,0,177.06598404519607
2023-04-30,0.828280642370295,0.035066658838835495,-1.360889765791995,0.0015200239894943568,-0.000150486746787859,8,1,98.39156960621168,1.7504682699369667,-0.00031769119402312584,0,172.7560109439863
2023-05-31,4.401209687929351,3.22694076560846,10.390676927929448,0.013226169490175188,0.0003688751357666664,21,0,100.0,4.632353576413761,0.0455944043960593,0,88.59855681227157
2023-06-30,34.36458819684605,2.0917132920754944,3.139703844341759,0.07291395288250402,-0.0025464849639142972,10,4,97.20100133799474,23.51795263559968,0.15873478123050133,1,89.89809182770554
2023-07-31,7.972486276441049,3.399368166442773,10.994388901432028,0.022274129673097276,-0.0010660285833706817,8,2,99.04635174096238,13.002750631466142,-0.1250672344366479,0,100.45965340085186
2023-08-31,9.044057288635472,-3.9579121385836142,14.898227523435654,0.004585387244080197,-0.02538086027447717,13,2,31.85009654203948,0.9056425629416331,-0.14372226563927498,0,167.66613892914364
2023-09-30,1.9319030716946382,0.8514228030660358,-0.28494904717576874,0.004078628936297957,-0.000103541105819005,14,1,99.51142906997023,1.6078376509454761,0.034125406198639296,0,178.4795062222943
2023-10-31,1.8137865650102452,0.6948189024333832,-0.6408858775643682,0.003556991553050448,-0.00019215987701759474,9,1,99.81067777357039,3.2867659718665676,0.006730983545654157,0,162.10263270063373
2023-11-30,1.0323766491977258,-0.8667539539596155,0.031197564481874718,0.001976381539755323,-0.0005980178990558915,13,1,95.87112171837735,2.8110418424539763,-0.00966480544775164,0,170.1215576729092
2023-12-31,1.5961913777641137,-0.331473159604218,-0.16286864665583067,0.0026210388907352833,-0.0013420218874085066,10,1,95.44381920493764,2.436133852126221,0.01605569648446961,0,88.29879275493346
2024-01-31,2.532478875888729,3.0292988588917136,10.050287458135637,0.007785346865007758,-0.00013213094176334206,17,1,99.00099900099868,2.998060875311359,-0.013949758885663743,0,98.47827451714124
2024-02-29,1.4315380354071734,0.5102732075127719,0.024879674555392306,0.0034113092460283934,-0.0003359694860655127,20,1,100.0,3.0954733242972043,0.008796459978067439,0,181.54954641400127
2024-03-31,4.981012546336834,-2.9748395142543287,9.71636624860722,0.005368183924206349,-0.010618249672524116,15,2,67.73475745438378,3.59006136481157,-0.041313423930458115,0,187.89170904390434
2024-04-30,5.9508271719689505,0.40432107712660786,1.4102868550567047,0.010036302848089207,-0.0070029091380252595,3,3,70.89030372612466,1.614395808194069,-0.018740483751225945,0,180.20440056126185
2024-05-31,1.8549882832881757,0.1407350617704904,-0.44502106809089437,0.0020883703874050585,-0.002248433354644086,2,7,60.76490438695178,0.09600938306753015,-0.004133552721367744,0,196.13973902279022
2024-06-30,6.485658156315072,-0.4666563816324045,-0.056394389680277435,0.007030170891995313,-0.008541172635030292,6,3,68.73612743177966,1.5859824318487759,0.06268843509334945,0,191.51729709836889
2024-07-31,4.441814173986341,-0.18678602640409653,-0.057858369303092516,0.005260147612702326,-0.00625811532812548,5,4,66.513504426762,1.4445079389994397,-0.009239215534352654,0,98.6094090377762
2024-08-31,2.6349184692240035,0.8114743683198916,0.263261710602539,0.005471407144516993,-0.0014751108568159532,10,2,98.44306884261894,2.5181824405304365,0.018371528498251577,0,195.44447103234825
2024-09-30,2.59490902661915,0.32533487594328486,-1.0453878035757005,0.0032310035220584066,-0.0024323162364470186,4,3,59.58711291836169,1.3560918835588298,-0.010055587360436963,0,200.33542205481695
2024-10-31,1.3964907229535832,-0.17556728178333436,-0.5884628533212872,0.0018492022389389184,-0.001399569902526765,4,3,52.39361702127578,0.4803021243381389,-0.01195389732057242,0,106.66568079416989
2024-11-30,2.2734254776513403,-0.5409243138266878,0.23261304461397936,0.0028783169695685284,-0.0028593224978016307,5,2,80.89235694277687,0.9763672964627323,0.016263000348709575,0,109.88974329826932
2024-12-31,1.4809167704206216,-0.9761651157007206,1.7408893354321586,0.00246306118448536,-0.0018884670241332557,14,2,86.82466025853464,1.8673584613926097,0.01266259143160442,0,215.1453476782495
