date,ann_vol_1m_%,skew_1m,kurt_1m,max_ret_1m,min_ret_1m,streak_up_1m,streak_down_1m,RSI14_last,MA_GAP50_last,MACD_hist_last,high_vol,vix_close,cpi,cpi_yoy,reserves
2006-03-31,11.313236413978869,0.0822000899329924,-0.6454186230451375,0.0168337286709006,-0.010669037563903,5,3,49.4496189669771,1.4064012602894582,0.0018483627404029,0,11.39,124.18,,
2006-04-30,5.433343334692848,-0.3572278693904939,0.5658570342827098,0.0056141926790926,-0.0094564408041697,3,7,41.16607773851592,-0.6121136435528585,-0.0022947538627451,0,11.59,125.84,,
2006-05-31,25.11666796672629,1.140709482777531,1.3990498163715062,0.0489019855469023,-0.0206815995602583,5,2,83.97753551370994,12.24374089591469,0.0113996987313811,1,16.44,128.2,,
2006-06-30,26.060210202466006,0.5206614392988071,0.0105158548171355,0.0399637868598035,-0.0273689188390376,5,4,61.69083834453484,8.2008534606,-0.0055425423031207,1,13.08,128.63,,
2006-07-31,19.91631108454388,0.3630448299784211,-0.0609320723113238,0.022756742738589,-0.0253838921968034,2,4,32.520325203251986,-4.497866996150945,-0.0093724520453905,1,14.95,129.72,,
2006-08-31,12.829977838716786,0.0187640144460101,-0.6242178222769512,0.0154373927958832,-0.0158399892610242,2,7,58.31305758313052,-3.743643478930347,0.006662507356273,0,12.31,129.15,,
2006-09-30,19.362354455670346,1.1204583571928874,2.576580287840759,0.038487599945792,-0.0194869103077226,4,2,55.69892473118282,1.1328279952614428,0.0046199532346012,1,11.98,130.81,,
2006-10-31,10.26776201382724,-0.0994732936902314,-0.8436374640257354,0.0099946695095949,-0.0126006069402296,2,4,27.030162412993132,-1.3741689804129045,-0.0047483527796505,0,11.1,132.47,,
2006-11-30,10.322829289696823,-0.2086130290228109,-0.6272376499818217,0.0109088429808412,-0.0128135223555071,6,2,58.80000000000004,-0.4730076283674278,0.003694330971945,0,10.91,134.18,,
2006-12-31,6.68337324669413,0.0540014946882098,-0.1563076432021519,0.0070495542193655,-0.0096796182685753,2,3,35.68627450980392,-1.9480564321771143,0.0001531973259481,0,11.56,134.49,,
2007-01-31,10.684829052001582,0.6270773492200514,-0.6174665418226608,0.0127879044792991,-0.0088166414106625,4,3,35.606060606060566,-0.5349811997889531,0.0010474172285448,0,10.42,135.84,9.929594561786859,
2007-02-28,7.305926371340298,0.4873528466031706,0.0370129641052359,0.0093073593073593,-0.0094346264873617,2,6,48.01178203240064,-1.1220166613183369,0.0005732020388163,0,15.42,136.42,10.158268733850107,
2007-03-31,13.457112901974147,0.7352806715505759,0.4282222626189296,0.0214556163230965,-0.0134541460735859,4,5,35.27542372881351,-0.950246130957888,-0.0018677473210947,0,14.64,137.67,10.86326300531486,
2007-04-30,8.279783987608063,-0.1521006574394734,-0.505750374594673,0.007635851434502,-0.0123602118893466,2,4,32.45614035087729,-3.820776961982597,-0.0025545816939821,0,14.22,139.33,10.719961856325511,
2007-05-31,13.414033592404987,0.7259063816290092,2.0450602607073964,0.0251162093267356,-0.0172850220582917,3,3,45.51201011378012,-1.7083860453512734,0.0013918037665087,0,13.05,140.03,9.227769110764438,
2007-06-30,13.41415369613325,0.7318340596523144,0.9181160507530012,0.0229319609475515,-0.0147336607480165,4,5,36.900684931506845,-0.7888823465795003,0.0014228444757118,0,16.23,139.69,8.59830521651248,
2007-07-31,15.55505570893846,1.8830959955547115,4.174872840553247,0.0327571236877417,-0.0111862036821255,3,5,57.31795241528479,0.143752145554421,0.00458434556202,1,23.52,138.67,6.899475794017884,351623046.2
2007-08-31,28.382121564896284,0.0786824621943797,-0.3831423578537056,0.0391174270755423,-0.0358500035850003,4,2,59.56102427668775,2.287752529135023,-0.0012393960380602,1,23.38,138.7,7.394502516453727,363796049.3
2007-09-30,13.09706398061206,-0.8151034194735911,0.5863980746378861,0.0075132707227441,-0.0248008417255373,2,4,18.196721311475383,-5.647052615077541,-0.0057154590600904,0,18.0,140.13,7.124837550645968,
2007-10-31,17.025633192186262,1.143270957560732,1.157544221801758,0.0281772088770675,-0.016976556184317,2,4,52.04274041483343,-4.939932249257639,0.0020948940004136,1,18.53,142.67,7.699856571299146,
2007-11-30,16.618338633898478,0.2110508197760068,0.006163303166367,0.0217300109069553,-0.0208920577018735,3,3,51.78326474622767,-0.8861377152268868,0.0026364436938435,1,22.87,145.45,8.399165300342815,
2007-12-31,7.445549918343635,0.5319119529712236,1.224744390571776,0.0112054329371817,-0.0110056288330672,2,5,42.90843806104135,-1.566789578511074,-1.6308201708884872e-05,0,22.5,145.77,8.387240687039931,
2008-01-31,15.935949797859587,0.1623992863945747,-0.2788523330328738,0.0196475250864323,-0.0203632809318237,5,4,55.94405594405593,-0.2741423948768084,0.0005666905982429,1,26.2,146.94,8.171378091872782,
2008-02-29,13.384223969834864,0.849454058961698,0.0633455678310066,0.0202674640750892,-0.0128677977214982,5,6,39.71291866028708,-0.1562170149884023,-0.0025893803979562,0,26.54,148.84,9.104236915408315,
2008-03-31,24.0508843375255,0.3602963693351943,-0.7136862142993827,0.0355860267711392,-0.0187434639208431,3,2,59.61722488038279,5.755848850017475,0.0026767569100555,1,25.61,150.27,9.152320767051659,389541070.2
2008-04-30,17.98930582647302,-0.103715160626274,-0.2465636509912223,0.0233881655882124,-0.02483768684886,3,6,47.5536480686695,1.9821251241310955,-0.0065638925141694,1,20.79,152.79,9.660518194215161,
2008-05-31,11.813231243035432,0.1511477470989243,-0.7401122813793877,0.013374979977575,-0.0157499200511671,3,5,28.954937679769717,-4.106749741699045,-0.0019367542709995,0,17.83,155.07,10.740555595229594,396436095.9
2008-06-30,11.14560530834837,-0.0344033481740578,-1.349043083268964,0.0117666419814037,-0.0114877892030847,3,4,41.62537165510414,-1.8706505777947968,-0.0004696288657979,0,23.95,154.51,10.609206099219692,404459722.9
2008-07-31,9.974322950009592,-0.1406995340967217,-0.9286248531583152,0.0092756896273593,-0.011782276800531,3,4,30.32786885245916,-2.884438189328864,-0.0004320560702058,0,22.94,155.4,12.064613831398297,
2008-08-31,11.396565190227747,-1.5935592485285084,4.666879966255576,0.0133001544534065,-0.0243492863140218,5,3,57.93269230769231,-1.1359170923719408,0.0025874074842793,0,20.65,155.02,11.766402307137724,406853559.2
2008-09-30,18.03621099856442,-0.1618981794814869,-0.966947963258785,0.0195110103626943,-0.0185141785797985,5,5,55.24752475247527,2.636109996052149,-0.0030714842340801,1,39.39,155.72,11.125383572397052,
2008-10-31,62.54664786203287,-1.26967348723963,2.9534966431816088,0.0729683825450746,-0.1125014756227127,4,2,59.29492157167263,13.47787498415114,0.0087714809492115,1,59.89,159.77,11.985701268661963,
2008-11-30,34.70927572771655,0.214017879633555,-0.5079356096801506,0.0437237394957983,-0.038530252501191,3,3,53.6890477406178,6.211886332823791,-0.0148828055942962,1,55.28,161.1,10.759711240976277,
2008-12-31,12.10330536131731,-0.1662199494784172,0.1929538114970279,0.0149691063125039,-0.0161948565135713,2,4,23.48178137651827,-3.387171016659918,-0.0058839785000478,0,40.0,160.44,10.063799135624606,
2009-01-31,19.182395933020857,0.1378922930338589,-1.1140524513725671,0.0227766440655652,-0.0173971025034854,4,4,62.43733127651373,2.133798115210217,0.000305176026538,1,44.84,160.9,9.500476384919022,459096379.1
2009-02-28,13.912279780210302,-0.0715582274335533,-1.3744632745614576,0.0147667593450726,-0.012187976092816,3,2,65.87048832271768,5.079048752847171,0.001146136710373,0,46.35,160.35,7.7331362536952275,
2009-03-31,21.773688662725256,-0.3577035574376723,0.0956275944980875,0.027531900218416,-0.0303289436178096,4,2,33.00304878048776,0.9030768864669136,-0.0077203374621119,1,44.14,162.12,7.885805550009972,
2009-04-30,21.93153349400551,0.250305589229972,-1.0130650516171944,0.0250271340100873,-0.0209050812639719,5,5,49.36431389741343,-3.777995535826728,0.0050866400192307,1,36.5,162.15,6.126055370115857,
2009-05-31,14.572602651301631,-0.3372694118857085,-0.5106597785846869,0.0165432893466366,-0.0182329985285649,4,3,58.7155963302753,-2.2268948911092323,0.0036217944978241,0,28.92,163.19,5.236344876507393,474599286.2
2009-06-30,11.85621769919571,-0.210061601471167,-0.512003453225645,0.0113599480688089,-0.0177729647088801,2,4,43.251775848460944,-1.8155345385808876,0.0007097206074133,0,26.35,163.37,5.734256682415384,
2009-07-31,8.878724691257522,0.4924745307895487,-0.2658416847289859,0.009779286926995,-0.0108702769956126,2,11,16.825095057034233,-3.36909217342386,-0.0040944379045998,0,25.92,163.78,5.392535392535391,476742000.1
2009-08-31,13.35092708595639,-0.0481305349454725,0.2681423015889654,0.0178173719376391,-0.0196442792673213,3,4,57.9493835171967,-0.8799781792952266,0.0031382993108693,0,26.01,163.29,5.334795510256729,
2009-09-30,8.47891668719954,-0.0409920873356651,-0.9619626142952452,0.0101349083831128,-0.0086542331946866,5,4,49.58333333333338,-0.0311500546468668,0.0001293041266438,0,25.61,163.93,5.272283585923465,491166750.3
2009-10-31,10.198849937800414,-0.1186082817755657,-0.6753889951444343,0.0104614105584037,-0.0133171912832928,2,3,65.60170394036213,0.4234316845568964,0.0043791586702375,0,30.69,167.88,5.076046817299851,
2009-11-30,7.442286229555613,0.0111706458796797,-1.199883032235858,0.0072316842389834,-0.0078161224084255,3,6,48.64498644986449,0.7137921849288187,0.0012308388965942,0,24.51,170.01,5.530726256983232,
2009-12-31,7.786269172844576,0.3424361299427899,0.1204765822022686,0.0128213734308919,-0.0076020709089718,5,3,59.90566037735844,1.3091851875659533,-0.0009270723247489,0,21.68,170.91,6.525804038893046,
2010-01-31,9.45142835266068,-0.2101273295097592,-0.4346508864062715,0.0100416695129448,-0.0122273628552543,6,4,62.18390804597686,0.0804828973843152,0.0045034363696261,0,24.62,174.07,8.18520820385331,519021194.4
2010-02-28,9.713756851877314,0.7146593098266374,-0.460049227245308,0.0156928213689482,-0.0063711001642036,3,3,64.07249466950972,3.300350743209779,0.0031951952229575,0,19.5,176.59,10.127845338322427,
2010-03-31,6.865401575299003,0.1067485997653076,0.0656540387845869,0.0088131609870738,-0.009704341075241,3,6,43.296089385474815,0.6141623252348793,-0.0015274907858377,0,17.59,177.62,9.560819146311372,
2010-04-30,10.33590495963736,1.0965073769222915,1.3768446690741616,0.0157873431385777,-0.0120217853347502,2,6,43.03079416531608,-2.009739079108941,0.0013062153607089,0,22.05,178.68,10.194264569842737,
2010-05-31,20.918216941551663,-0.3531604681351478,0.5681925718856933,0.028506345590628,-0.0311264191861208,5,3,48.09421841541753,2.4757467273365474,0.0025581489838992,1,32.07,178.04,9.099822293032656,
2010-06-30,10.171097304980949,0.0375079675632307,-1.3950545154843357,0.0104114083796063,-0.010209194538394,4,4,42.3785594639866,2.1388282469406272,-0.0013698318358751,0,34.54,177.04,8.367509334639145,550292080.2
2010-07-31,5.693190358289339,0.2495582289133469,-0.3094852854370145,0.0050234864300626,-0.0092449922958398,1,4,22.451790633608965,-3.3376507689472312,-0.0032698468524385,0,23.5,176.19,7.577237757968014,
2010-08-31,8.896106444813453,0.0481542500703925,-0.9547578283308584,0.0094842916419679,-0.009453295432009,4,3,66.83168316831681,-0.6676522050006795,0.0041862471838444,0,26.05,176.9,8.334864351766802,
2010-09-30,7.127835485206474,-0.0849655577142932,-0.5001849087811818,0.0065298507462687,-0.0107191316146539,2,4,15.251989389920482,-3.186442118345967,-0.0031285055733278,0,23.7,179.07,9.235649362532783,
2010-10-31,13.432433464796173,-0.1979276637704714,-0.702256682440324,0.0133039271485486,-0.018500621289521,2,3,56.23359580052499,-2.348793528517945,0.0041032462819877,0,21.2,182.35,8.619251846557074,
2010-11-30,11.333848234329674,0.0276544134458549,-0.9600275905739536,0.0139439507860559,-0.0096542911904593,3,4,83.5974643423137,3.43399477531936,0.0100907486806098,0,23.54,182.4,7.28780659961179,
2010-12-31,10.18697925794196,0.6037109876973136,-0.2493553665883165,0.0172199305964775,-0.0068405574734687,5,3,75.36372453928232,5.496836792624515,0.0005137507378273,0,17.75,181.85,6.401029781756473,616200873.9
2011-01-31,11.765255325010228,0.3792505403391626,-1.1758838186394935,0.0139015200727554,-0.010516129032258,3,6,52.00291332847781,3.8365141111662338,0.000480582955444,0,19.53,182.6,4.900327454472331,613680614.3
2011-02-28,12.192958941514991,-0.0693196105244702,-0.9529992657974148,0.0122652841878989,-0.0146213446638341,3,2,59.36395759717318,1.700566855618546,-0.0003140298669406,0,18.35,183.93,4.156520754289605,633495746.8
2011-03-31,5.976461094203505,0.3513796617089642,-0.8193806251903086,0.0070374291586223,-0.007569177317285,3,6,29.72181551976594,-1.795802430172011,-0.003294214147083,0,17.74,184.7,3.986037608377435,643899355.9
2011-04-30,8.1227776631702,0.0243614107906983,-1.1058540156874244,0.0070219188869931,-0.009644835451287,3,7,57.87671232876716,-2.710255551578,0.002157295656639,0,14.75,186.3,4.264607118871733,646972566.3
2011-05-31,9.586174623054278,0.5781387091430744,-0.4732359405489945,0.01682266632937,-0.005518625360592,3,3,72.30428360413579,3.3614410712003773,0.002660529520178,0,15.45,190.81,7.1725454953943,652044335.5
2011-06-30,8.6614759517947,0.6150025892283183,-0.6264864877571434,0.0123464527450489,-0.0067479725128458,4,3,74.22334172963886,3.833491165817926,0.0036963272453882,0,16.52,188.08,6.2358788974243184,
2011-07-31,14.208685039380024,0.8916706739237565,1.2044522460967355,0.0265090453161382,-0.013157894736842,4,3,66.46884272997026,3.3574703993516364,0.0026297856604438,0,25.25,187.31,6.311368409103801,
2011-08-31,12.873255110134595,0.0839386407134133,-0.8066933270930572,0.0151185431222082,-0.0131445334536838,6,4,52.243211334120446,3.7010231739679655,-0.0048168718536883,0,31.62,188.67,6.653476540418302,
2011-09-30,9.877887542971427,0.0968289533289673,-0.4268778410359952,0.0162411702541853,-0.0087015481975364,4,2,80.4179566563468,5.380174523481784,0.0048131056201229,0,42.96,190.09,6.154017981794824,
2011-10-31,14.881159333819664,0.0194443314983135,-0.5651871064748764,0.0162396827098294,-0.020095481292328,4,5,30.178759200841256,-2.7237354085603127,-0.0136549997720491,0,29.96,196.31,7.655607348505633,
2011-11-30,15.93895735172482,0.3892535053579152,-0.578128652181852,0.023144453312051,-0.0135089496791624,6,3,77.46710526315773,1.5457668437286909,0.0082593118059192,1,27.8,199.7,9.484649122807,
2011-12-31,8.375154713752693,-0.6873806144483812,-0.1673962208632975,0.0091743119266056,-0.0102718078381796,6,3,79.9292661361627,4.251583881791987,0.0020857172996221,0,23.4,200.85,10.448171569975262,
2012-01-31,8.021700604134576,-0.4474953702025205,0.0218284285547301,0.0062536747020149,-0.0155573815393043,2,6,13.126709206927828,-3.647562641192237,-0.0073242788943219,0,19.44,201.98,10.61336254107339,
2012-02-29,9.713973535767948,-0.0268770834542706,-1.345074435018186,0.0089757427711185,-0.0100530578050823,5,4,53.83502170767001,-3.3169085624161543,0.0041739476156499,0,18.43,203.12,10.433317022780408,
2012-03-31,7.519056342096027,-0.0320950533331985,-1.3375725746569316,0.0078559003422928,-0.0069949636261891,5,7,48.94795127353267,0.0519312349517298,-0.0019609287242838,0,15.5,203.96,10.427720628045488,
2012-04-30,5.98313193316941,0.0265333655445635,-0.5661576978905947,0.0069182743686371,-0.0077163945426079,3,4,32.02846975088964,-1.1795637991914854,-0.0039241150094987,0,17.15,207.05,11.13794954374665,
2012-05-31,8.335118769077908,1.152544487420888,0.0300140511725022,0.0139455782312925,-0.0038963147356458,2,2,76.82801235839338,2.336236986135209,0.0024775392788917,0,24.06,206.61,8.280488444001888,
2012-06-30,9.481781828105332,0.1508438106315839,-1.135697886761759,0.0100578597307088,-0.0101868497031105,3,6,45.13422818791945,0.7710997258778551,-0.0010106440836092,0,17.08,204.76,8.868566567418101,
2012-07-31,5.626493633090641,0.437897264254804,-0.7458775210012143,0.0074221779107124,-0.0051668224042212,4,4,43.33800841514735,-0.660979382405269,0.0006150771456766,0,18.93,204.29,9.06518605520259,
2012-08-31,5.9821863364978665,-0.2901775973450785,0.0518255692121725,0.0079382702342623,-0.0081776991932811,4,2,77.08333333333317,0.5742987993344162,0.002646095838623,0,17.47,205.43,8.883235278528655,
2012-09-30,5.832066955184147,-0.3050683720465865,-0.7522477885448797,0.0050212006248604,-0.0082882086418389,2,3,39.87500000000007,-0.6545724085357363,-0.001369284399926,0,15.73,207.55,9.185122836551107,
2012-10-31,4.881850754283985,0.6257137212479141,0.1641133284470726,0.0071942446043167,-0.004485049833887,3,5,53.41130604288484,-0.076548441850921,-0.0007032765738326,0,18.6,211.62,7.798889511486928,
2012-11-30,4.246341043511523,0.0598866650476044,0.6306777664986933,0.0047860203684122,-0.0067643112701252,4,6,48.501362397820046,-0.5335136927023476,-0.0005788400665792,0,15.87,212.42,6.36955433149724,
2012-12-31,3.318405874035853,0.7826123954506938,1.3223334445819592,0.0059387080508712,-0.0035840286722294,3,4,49.76851851851829,-0.0508896765380906,0.00124532928313,0,18.02,213.23,6.163803833706738,
2013-01-31,4.04147500727891,-0.1878864072357473,-0.5180678870516386,0.0039854055571146,-0.0062694154193729,4,6,41.83673469387754,-0.8262514982963043,0.0006733023307555,0,14.28,216.74,7.3076542231904185,
2013-02-28,5.078737661420847,0.1463058630097213,0.1897034381680167,0.0084869604316546,-0.0049339306981229,6,3,80.3680981595095,1.7625255925829642,0.0048494680242822,0,15.51,217.39,7.025403702244959,
2013-03-31,4.2227480522968674,-0.2809922925506368,-0.8394278171928051,0.0044491407596907,-0.005198539984515,3,2,68.42105263157875,1.5756808701184122,-0.0005288932422131,0,12.7,218.83,7.290645224553827,
2013-04-30,4.033963535712145,-0.7625841680907239,0.0416326656321772,0.003125,-0.0069848661233994,5,3,58.33333333333341,-0.2377431375659822,0.0005936362213592,0,13.52,219.75,6.133784110118312,
2013-05-31,5.389157306260244,-0.0010805944968087,-0.7345466562409757,0.0084233261339092,-0.0039982710179382,8,2,84.91561181434601,3.0563554818594296,0.0038256181968316,0,16.3,220.07,6.51468951164027,
2013-06-30,10.731154193065198,0.4113811532540548,0.4695945133832304,0.0188378880339612,-0.009748643094272,6,3,63.6484687083889,4.315707116334777,0.0032975506649354,0,16.86,221.75,8.297519046688805,
2013-07-31,8.17273504538769,0.9724729492554258,0.9478353977208108,0.0136103896103896,-0.0083639330885353,2,4,40.93023255813951,1.006501808852689,-0.0033746470867068,0,13.45,222.44,8.884428997993044,
2013-08-31,9.726795951147546,0.3621199911420262,0.1275024052097451,0.0163853518902381,-0.0088259441707717,9,1,91.32420091324197,6.096231559121068,0.011071114446857,0,17.01,222.21,8.16823248795211,
2013-09-30,15.869380927660142,-0.794501384878702,-0.138099025042071,0.0126256374709115,-0.0250261727902687,6,4,49.02867715078632,3.058164292252674,-0.0018102691322174,1,16.6,223.91,7.882437966754985,
2013-10-31,7.133741178927679,-1.2082744447167142,1.0976264075631352,0.0046474035158616,-0.0129399078521714,2,7,40.03906249999999,-0.4433402026412514,-0.0003782507379591,0,13.75,227.94,7.711936489934779,
2013-11-30,7.530821798308238,-0.5002513837353891,-0.2579316042325299,0.0084796788760661,-0.0097024899757436,6,5,45.743766122098215,0.5702782296684195,-0.0028197292818075,0,13.7,227.96,7.315695320591287,
2013-12-31,13.58980524857486,1.572700938079672,3.669943311855703,0.0308659617033437,-0.0120598835597449,5,3,75.73879885605352,5.039704920030119,0.0092204168607691,0,13.72,229.01,7.400459597617592,
2014-01-31,19.869618438309622,-0.9326175391141156,1.6503823178276456,0.0252761066714555,-0.0328504473796336,10,2,64.76787240102531,7.413037629603991,-0.0004991871850798,1,18.41,233.54,7.751222663098645,
2014-02-28,10.145956715651746,0.6966141650200103,-0.5635189641996683,0.0118444846292946,-0.0100058329968142,3,6,54.80822679266261,1.7330341916082626,-0.0007528941697488,0,14.0,234.54,7.889047334284016,
2014-03-31,9.748875353032266,0.364454320893414,-0.5078987402256363,0.0112267250821469,-0.0095612545795727,3,4,42.350486787204346,-1.5916335394086545,-0.0040983537758214,0,13.88,237.18,8.385504729698855,
2014-04-30,9.126176896422672,-0.695397178856093,0.2634448694388203,0.0087489895868004,-0.0155893882760506,3,3,64.18439716312058,-2.7110502603022724,0.0032574810703858,0,13.41,240.37,9.38339021615473,
2014-05-31,7.13510587554182,0.3890854131134282,0.130801732679231,0.0101888787427306,-0.0083969465648856,4,6,58.84732052578362,-1.7507575303012168,0.0038191403366243,0,11.4,241.32,9.6560185395556,
2014-06-30,8.37090029182078,-0.2405791202960259,-1.0206416578618347,0.0086919350242233,-0.0090883271797784,5,3,67.35474006116206,0.7016736587864614,0.001317742807937,0,11.57,242.07,9.163472378804949,
2014-07-31,5.2031710603547605,-2.1467242321768505,5.665173914478968,0.0037678975131876,-0.0122071923457605,2,5,18.412698412698447,-1.0194673679755684,-0.0044412188602665,0,16.95,243.17,9.31936702032008,
2014-08-31,10.81659064691363,1.2013045655751324,1.4467937245615443,0.0198033975949609,-0.0089310376576743,4,2,46.5292841648589,1.1175312718267882,-0.001003135375498,0,11.98,243.4,9.536024481346473,
2014-09-30,7.521552041871137,0.4331660619848883,-0.7549744331616601,0.0126465429705528,-0.0044873538210498,4,2,81.3380281690141,4.959340323879791,0.0054171236768761,0,16.31,243.74,8.856236880889657,
2014-10-31,8.429028338168761,-0.2396355548542943,0.3102922610739766,0.0095516052003183,-0.0133938309846864,1,3,32.644272179155976,-0.1266234875777705,-0.0077758753894257,0,14.03,248.37,8.96288496972888,
2014-11-30,9.556728802746711,0.638067402413003,0.1062810656730999,0.0143131047398223,-0.0105064181466502,3,5,27.550200803212874,-1.2838570700226648,-0.0024884615703232,0,13.33,248.82,9.150728197929459,
2014-12-31,12.88337559557807,0.4612002162952506,1.3653436300601571,0.0210109360199775,-0.0178933153274815,3,5,66.53476540418313,2.6603299802634206,-0.0006135524801099,0,19.2,247.72,8.169948910527935,
2015-01-31,11.260381807886178,0.6260082368518616,-0.7495373411669508,0.0166075050709939,-0.0076833927115079,2,7,74.18582375478915,4.5389284423061005,0.0061798675544218,0,20.97,250.45,7.2407296394621845,
2015-02-28,12.235119273261876,0.8317301666791563,0.2359187908461941,0.0211186746493889,-0.0083433614119534,2,4,60.43131739334271,4.251772796547182,-0.00361068467522,0,13.34,252.24,7.5466871322589,
2015-03-31,12.225114786374457,-0.0510565343321129,-0.6019998807600664,0.0159890001964249,-0.0115100236298498,8,2,45.96658711217183,4.589055286728949,-0.0061889065280532,0,15.29,255.23,7.610253815667423,
2015-04-30,11.589225968433109,-0.4602255679251157,0.1739558332061754,0.0126633986928104,-0.0172938116000438,8,4,65.40930979133228,2.710681572259954,-0.001523402514777,0,14.55,259.39,7.912801098306765,
2015-05-31,14.504254185073984,0.2373235205148776,-0.2393622116278022,0.0207088360205962,-0.0142593777042026,5,5,41.80098107918717,0.65693408544234,-0.0016625908703361,0,13.84,260.85,8.092988562904036,
2015-06-30,16.895664943003393,2.20409122272319,6.4393759429280735,0.0397241792834657,-0.0131651527966756,5,2,34.19023136246777,0.2732727070840157,-0.0079463047998459,1,18.23,259.51,7.204527615978851,
2015-07-31,8.67843076156402,0.3868176018009641,-0.3638290102971511,0.0144571017673995,-0.0072545481882424,6,4,77.57475083056474,3.2224569284383664,0.0118067879821435,0,12.12,259.74,6.814162931282652,1191214340.3
2015-08-31,14.277699604338528,0.1638881611102827,0.4671641992635567,0.0230205429957675,-0.017524386141944,7,2,67.70118099423243,5.765963781885741,0.0033944014019331,0,28.43,260.78,7.140509449465893,1225779329.8
2015-09-30,11.339819386182096,0.3985598809631539,-0.561418886881941,0.0171650797908005,-0.0103643937157663,4,2,53.44506517690879,5.38993029773831,-0.0058773364504266,0,24.5,263.11,7.946992697136301,1266217051.8
2015-10-31,12.259210858401913,-0.6723957197598603,-0.1638438882660429,0.0094095750180953,-0.0195798975194271,2,5,41.18895966029733,-2.131009095284808,-0.0037945866460829,0,15.07,267.2,7.581430929661392,1234774387.8
2015-11-30,17.303503821994724,-2.054853563307826,5.728711109731464,0.0162635529608006,-0.0382508047394013,5,4,50.1019367991845,0.024075816936242,0.0075487055867416,1,16.13,268.98,8.102242585001207,1233584685.3
2015-12-31,8.112223144017271,0.4676083910350364,0.3868430423751108,0.012280882302494,-0.0107802182994205,3,4,49.31750741839763,0.446990487054788,-0.00381995349598,0,18.21,269.54,8.80833198772808,1249183770.4
2016-01-31,10.753509588284723,-0.1715531342427155,-1.2379411021745903,0.0111280746395252,-0.0096290658813408,5,3,47.9742173112339,1.0949639517622511,-0.0072663025502779,0,20.2,274.44,9.578758235176688,1250479534.2
2016-02-29,8.679821862263667,-0.5415274720964509,0.3633041680399045,0.0083837273227047,-0.0147302834309708,3,3,49.89561586638825,-1.1307049048873807,-0.0007740448818773,0,20.55,274.38,8.777354900095148,1260997488.2
2016-03-31,9.84673005555519,-0.6167426015812999,1.135602472034147,0.0109047537911057,-0.0181212890826096,3,4,35.19125683060105,-3.1782502568496684,-0.0010973681063897,0,13.95,274.27,7.4599380950515215,1276736988.6
2016-04-30,6.76080902133736,0.0924725415507818,-0.7822536574195551,0.0075209208714381,-0.0080712788259957,4,5,36.53846153846146,-2.043878784510411,0.0003713337215199,0,15.7,276.42,6.56540344654768,1276436988.3
2016-05-31,11.966378039888584,0.7891389242792866,1.387894389535811,0.0213672229592905,-0.0132552301255228,3,3,59.71896955503511,2.691770717812481,-0.0027545081137651,0,14.19,278.02,6.582327007858901,1301011822.1
2016-06-30,10.00428046734837,0.3813763378636607,1.0234888482054405,0.0161866139821842,-0.0129764526511942,4,3,49.88157271435335,-0.5106260884009783,-0.0018084551462358,0,15.63,279.33,7.637470617702591,1315654905.8
2016-07-31,14.522067917673288,0.8651094429002628,-0.3893677304867853,0.0226061067645226,-0.008391014757738,4,2,65.4881608822575,2.581422582780335,0.0105020422096637,0,11.87,282.58,8.793408793408775,1331880756.1
2016-08-31,8.020960461055518,-0.1279469607615697,-0.9943205055069226,0.0071115043043314,-0.0109343936381709,3,4,42.83987915407858,0.1326847725108937,-0.0021009485793496,0,13.42,281.76,8.045095482782427,1332423004.2
2016-09-30,7.845963388220581,0.3757779562839126,0.5797373431878605,0.0126325058421106,-0.0090964017185821,5,3,65.73681018799283,0.8364455900475853,0.0042599502981714,0,13.29,282.27,7.2821253468131175,1348180244.5
2016-10-31,6.025376210363394,0.4151734282481742,-0.6794170182513364,0.0085742771684946,-0.0046152853085463,4,3,67.0230263157895,3.297716566287301,-0.0015921813705379,0,17.06,286.33,7.159431137724548,1370980572.7
2016-11-30,10.707757077317334,0.7283660596176187,0.6144587998791304,0.0220721264021228,-0.0064993471637893,9,2,84.00697877289906,8.841233675879877,0.0088277311408806,0,13.33,287.81,7.000520484794404,1417948246.2
2016-12-31,17.889377884740153,-0.0816903015227219,0.2060186594366557,0.0253780017788318,-0.0226361438930755,3,3,66.9217687074831,5.654179793063263,-0.0069320061711666,1,14.04,292.54,8.533056318171695,1450681529.4
2017-01-31,16.752568662909002,0.1936146179960152,-0.5525089352342496,0.0245310643940439,-0.0130216504549732,8,3,57.33610822060355,6.842625512882461,-0.0029145757957992,1,11.99,299.74,9.218772773648155,1478660913.7
2017-02-28,12.066384299064968,-0.006040269827245,-1.1196081512936933,0.0085033098326245,-0.0170183253754434,2,6,29.4455713319809,-2.3540852860162054,-0.0161574238135297,0,12.92,302.17,10.128289233909182,1445684630.9
2017-03-31,12.857405269842664,-0.4731647700605764,-0.0696401084847555,0.0138545274616526,-0.017862969004894,4,3,31.939799331103718,-1.36474479629487,-0.0033517071948737,0,12.37,305.24,11.29179275896015,1485452674.4
2017-04-30,9.859076359721085,-0.0213772310080289,-0.7944635603503678,0.0092612889083734,-0.0128096113229283,6,3,20.86614173228348,-2.587909172045044,-0.0125782747324451,0,10.82,309.23,11.869618696186969,1512986746.8
2017-05-31,10.489031619522432,0.4243929055244837,1.0486613157138809,0.0163432647215746,-0.0142845301577653,2,3,44.06146179401995,-1.2682742312601247,0.0034148990824276,0,10.41,310.61,11.722178260556815,1532998302.5
2017-06-30,7.48536614335207,0.3634142192629617,-0.9693929319970778,0.0073171426131024,-0.0086537653681351,2,5,47.27174500270124,-1.384352066985095,0.002021955341301,0,11.18,309.78,10.90108473848137,1550754848.7
2017-07-31,9.443556381536196,-0.1010645790511833,-0.6272564937413772,0.0121328759099657,-0.0102518633454324,6,6,31.20923231309588,-0.4494921110811845,-0.0037009863915954,0,10.26,310.24,9.788378512279717,1562268811.3
2017-08-31,4.9019770065627695,-0.7897797271745766,0.8127298744412466,0.0034626628444924,-0.0096429801400527,2,4,12.519201228878783,-2.59637511132812,-0.0081529351773255,0,10.59,311.85,10.679301533219764,1587187859.6
2017-09-30,9.346307745500056,-0.0216231831029141,-1.4119818229348309,0.0105497427596972,-0.0064859329217988,4,3,77.31009536336738,2.058685455382392,0.0170544021901511,0,9.51,313.88,11.198497892089133,1600223678.9
2017-10-31,13.166804531983956,0.7554957992550589,0.9900093650311232,0.0254805295518749,-0.012420573699762,5,3,64.70782436447679,5.989852274258034,0.0092803346431716,0,10.18,320.4,11.898857961093846,1647725667.4
2017-11-30,9.424738850600695,0.2053133438189794,0.6336843389077473,0.0167942067690411,-0.0106895247699482,4,2,70.01647446457997,5.575640133682192,-0.0039341782224763,0,11.28,325.18,12.98426044960217,1683137482.3
2017-12-31,6.746834908132731,-0.8034091963888184,2.655643261814819,0.0069806209627005,-0.0144672830544305,2,7,35.663430420711904,-0.9216649666087816,-0.0068750715743792,0,11.04,327.41,11.91973747179873,1675831302.6
2018-01-31,9.823117463104568,0.7088900507902739,0.1139190550368631,0.0148163883062053,-0.0101118591674743,3,6,49.12842404838142,-1.2458314489108724,0.0008063300284068,0,13.54,330.75,10.345632881830923,1671019348.1
2018-02-28,6.817986368085226,0.1998467025726497,-0.5213069142711673,0.0095283468318247,-0.0067348070675857,4,2,53.28185328185324,0.0360542598134339,0.0011098254992495,0,19.85,333.17,10.259125657742342,1685935633.1
2018-03-31,7.112508522051256,0.6615373916075815,0.1956537809516154,0.0133309497663252,-0.004828830660533,5,3,87.75337837837841,4.523001014908146,0.0103238079301019,0,19.97,336.48,10.23456951906696,1738023236.5
2018-04-30,13.016932848530688,-0.1732328494246219,0.2924438285626665,0.0183423246689553,-0.0168867878551584,8,3,50.117924528302005,3.058927433906833,-0.0101837818900629,0,15.93,342.78,10.849529476441466,1782763366.1
2018-05-31,29.64146073508539,0.5347607222297235,1.795621730812047,0.0586093365021913,-0.0296389363761818,6,3,60.482858522452894,6.815867367008144,-0.0032096030952724,1,15.43,348.34,12.1470654518528,1884958252.1
2018-06-30,17.138746776619065,0.5611357578684373,-0.2936609794089344,0.0248613246006816,-0.0144607947076036,3,2,55.70469798657716,3.6919043678805386,-0.0178994658763382,1,16.09,357.44,15.385112014978386,1865092701.1
2018-07-31,19.630402469079016,0.8777752500012758,1.2052072778225194,0.0385369615511732,-0.015232061101829,4,3,68.22958771220704,4.336828568053885,0.0030812582104255,1,12.83,359.41,15.849020113460544,1918300710.5
2018-08-31,81.3863534440097,1.043507277134259,1.8640107649643716,0.1584308188785799,-0.0626991750911059,10,3,69.02338612842358,25.86799256457455,0.0397932502849101,1,12.86,367.66,17.89642456309124,2140604942.4
2018-09-30,26.028183333781666,-0.2681297987465692,1.3045300127288622,0.0321221695629279,-0.0457436283977952,4,5,30.12594458438285,5.343579099246787,-0.0805377529425411,1,12.12,390.84,24.518924429718346,2080428515.9
2018-10-31,18.88931572131868,0.4817805834901159,-0.5711484725516072,0.0217737089533773,-0.0233628442945474,4,9,21.317941317941305,-9.65879668124352,-0.0256632152760024,1,21.23,401.27,25.24032459425718,2029006831.6
2018-11-30,14.46539368275902,-0.0927990583984595,-0.3737664140373891,0.0133781115642241,-0.019568489713999,3,4,9.87872662961081,-9.13723750650185,-0.0005768410133927,0,18.07,395.48,21.618795743895692,1934772523.7
2018-12-31,12.432876267818498,0.6980328014532006,0.3263264315311684,0.0191412018630012,-0.0133870061786183,3,3,46.806482364156444,-2.2909277245043103,0.0035024353776301,0,25.42,393.88,20.30176231636174,1988304794.7
2019-01-31,15.996118085160155,0.7511654177536018,-0.4867154499090964,0.0238523178311991,-0.0127529300943788,3,5,32.04430625728723,-0.9291406151926472,-0.0123120821283595,1,16.57,398.07,20.35374149659863,2008920136.4
2019-02-28,7.630111321285347,-0.6401039996867282,0.7999485754363822,0.0083582430554232,-0.0127278916710795,5,3,61.5598885793871,-0.428907179075777,0.0078443111486617,0,14.7,398.71,19.671639103160544,2032838107.8
2019-03-31,22.635589597422488,0.0662924108505257,1.9720933662866988,0.0396981442990094,-0.0298125136254633,3,2,55.27229204069419,3.676933838195806,-0.0012143960560118,1,13.71,402.81,19.712910128388007,2157000845.7
2019-04-30,11.068252554292306,-0.0027082623296717,-0.9353293860387488,0.0155431082614412,-0.0080177943306435,5,2,82.00734394124862,6.950552320032277,0.0110752413250222,0,13.12,409.63,19.50230468522085,2240613291.9
2019-05-31,14.047545299158651,0.7559563777078127,1.7775180558336985,0.0260400179931026,-0.0152503277409933,7,5,29.883351007422974,1.434045136799722,-0.028821287169713,0,18.71,413.52,18.71160360567261,2273755919.3
2019-06-30,12.465507553633646,-0.4872485903800371,0.3103279202365492,0.0105549169192182,-0.0206400109170306,3,3,43.3391170233276,-2.599789313813161,-0.0090596182519631,0,15.08,413.63,15.720120859444942,2263081604.9
2019-07-31,12.394154774514345,0.972764803791834,1.7417223678713727,0.0217794253938832,-0.0131647413882818,3,5,33.55798280269576,-3.952390950425577,-0.001147384416656,0,16.12,419.24,16.646726579672233,2278173649.4
2019-08-31,13.536851136272118,0.8365784478794333,0.1033535592371341,0.0228008948545861,-0.0086722809532341,7,5,73.28113063407183,2.077354457455116,0.0356220359925172,0,18.98,422.84,15.008431703204028,2366698623.5
2019-09-30,10.360841656773772,-0.9381973315424492,0.4789570607798481,0.0081209153205208,-0.018537091475013,5,3,41.9396440546815,-0.2085845295406674,-0.008510356569043,0,16.24,427.04,9.262102138982709,2393704213.9
2019-10-31,12.261444569165407,-0.4484531486977892,0.2477039993331899,0.0142568673188734,-0.0189774579033135,5,2,40.42686754551162,-0.2639449283974637,-0.0146805664874084,0,13.22,435.59,8.552844718020292,2448245630.4
2019-11-30,5.539660170762408,0.2811877422361522,-0.3548140692779333,0.0079390171075279,-0.0062313452374719,5,8,54.23728813559335,0.170325326931553,0.0030269200112644,0,12.62,437.25,10.56184889248508,2474424975.2
2019-12-31,5.575752225722676,1.1053086901562923,0.6570149121387971,0.0107037869617845,-0.0030338753857356,4,3,80.05939753924511,2.7032941543567723,0.0084520849407832,0,13.78,440.5,11.836092210825644,2556928778.1
2020-01-31,6.24973301714972,-1.3654009362679542,3.753506237522537,0.0070734617351286,-0.012785066773907,3,5,72.28381374722841,1.913154401563455,0.0028535142627603,0,18.84,446.45,12.153641319365939,2593993417.1
2020-02-29,3.909089788492843,0.1370090991515907,-1.0709937979440038,0.0059051576071844,-0.0026994503528799,5,1,86.37090327737793,3.1611406307836543,0.0093860723988124,0,40.11,448.02,12.367384816031702,2668567402.8
2020-03-31,15.31207309656741,-0.4816080253849812,-0.6936477506751757,0.0158107026294722,-0.0167754411409233,8,4,72.83375028428469,6.025748808779752,0.0040713904670859,1,53.54,450.58,11.85918919589881,2779689082.3
2020-04-30,8.589227173628403,-0.089983984002579,-0.8761406858811052,0.0111372787358503,-0.0074958520976534,5,2,74.47207883622696,7.390040911223217,-0.0029676662667415,0,34.15,454.43,10.936698972243253,3024993102.1
2020-05-31,12.350931037466486,0.0621332485770801,-0.4166206390604361,0.0122580915998489,-0.0172935760792933,4,8,30.180247281394287,0.1947740682678445,-0.0471181255320838,0,27.51,460.62,11.390017411491593,3058185606.1
2020-06-30,3.870309899197958,-1.3984057752082069,3.422158352161341,0.0046505467335795,-0.0075067339819544,6,3,86.04368932038851,-0.5946195070351767,0.0056322413513175,0,30.43,465.84,12.622391992843852,3146336530.2
2020-07-31,3.5892840838156004,2.6033772189448587,5.165528870988391,0.0076410033347831,-0.0010925300081574,4,7,84.163987138264,1.6155671826328488,0.0062829612913472,0,24.46,468.56,11.764144642686759,3265447776.1
2020-08-31,13.614290258792687,0.9000775229615324,0.6317093339823558,0.0246292751221464,-0.0109054089186267,5,3,50.50129966580021,4.209474971185823,-0.0102407676529178,0,26.41,472.61,11.77040961120046,3310122133.5
2020-09-30,10.722279198839212,1.0808028967599634,5.754066128343954,0.0259639015882244,-0.0141465193830763,8,2,77.6464875364195,6.939581959350916,0.0161826743058132,0,26.37,477.21,11.748313975271628,3378622809.2
2020-10-31,10.885444658582296,0.5376928354596795,-0.4489403704076387,0.0173476959291762,-0.0074296309649507,6,4,70.86225794665694,6.378360567424468,0.0102595167339196,0,38.02,487.38,11.889620973851557,3485770903.1
2020-11-30,25.698031399685817,-0.3600667278274924,-0.4849163839193955,0.0238534285187428,-0.0334925971804399,4,3,36.80747922437671,-1.1934549581239629,-0.014971464340439,1,20.57,498.58,14.026300743281862,3456578565.4
2020-12-31,9.543169640899343,0.6827322092027227,-0.5599270016561202,0.0108341810783316,-0.0103102322445903,3,13,12.516527104451342,-6.724482765268947,-0.0396112289228182,0,22.75,504.81,14.599318955732121,3469720822.6
2021-01-31,11.351824821268997,0.6768238004983008,-0.6913586211086136,0.0145520875557356,-0.0079782582372488,3,3,52.389705882352985,-3.0014444190238687,0.0105120950961451,0,33.09,513.3,14.973681263299365,3416122872.5
2021-02-28,12.24207418740736,0.5342797751965892,-0.2501824586128722,0.0157004830917875,-0.0140835469269783,5,5,59.8578116871857,-1.5016574963261695,0.0308004329971592,0,27.95,517.96,15.610910227222007,3381622305.9
2021-03-31,35.18596277954795,2.049500620260237,5.910181707751782,0.0876498949190258,-0.0255260480805268,6,5,69.41145281018026,12.93916423122834,0.0676007463864649,1,19.4,523.53,16.190243685915927,3558777301.5
2021-04-30,13.330290512088416,-0.2704978324999596,0.0875774653077314,0.0154817357195391,-0.0186313063495108,4,3,51.97578611064405,5.089811369562747,-0.0178811152700159,0,18.61,532.32,17.140153599014152,3664323909.6
2021-05-31,7.563769596683172,0.4885598846686811,-0.0781071803975002,0.0139212784847586,-0.0040574506283663,4,3,72.58654052891832,4.982472483024036,0.0062930390881888,0,16.76,537.05,16.592853111024255,3797895950.6
2021-06-30,14.986851392864637,0.2786622863636088,1.0502468885744536,0.0251903644461473,-0.0207097476218891,4,6,56.76629306766294,3.4136660481389303,0.0013372934477455,0,15.83,547.48,17.525330585608813,3889204556.8
2021-07-31,6.36277642194584,-0.4629038422856195,1.8671963935056075,0.0074250457467273,-0.011891791650247,2,3,27.04876822523906,-0.6629935343660631,-0.0234482321679262,0,18.24,557.36,18.951681748335325,3937779266.8
2021-08-31,10.69400689261755,0.5914109010840659,-0.7966780663110633,0.0127098548800153,-0.0098439996240955,4,4,24.873382104670757,-2.1478422096489647,-0.0145896498064865,0,16.48,563.6,19.25266075622607,3944223700.7
2021-09-30,11.1190983616304,0.7836535180636716,0.0742781153603777,0.0191261240488818,-0.0084740712489421,5,3,79.79527559055087,4.024197790636497,0.0457728503830326,0,23.14,570.66,19.582573709687566,4099149699.1
2021-10-31,17.67260968572339,-0.3126766630043371,3.4948078873933826,0.0323464912280702,-0.0286250346022534,9,1,75.13141932875057,8.34741896928508,0.0313033816859487,1,16.26,584.32,19.890024211087876,4351861938.4
2021-11-30,39.79013714906682,0.6997099496055705,3.0214791063021247,0.0881220233574293,-0.0482309257455922,8,1,85.3153690234887,30.709732316263484,0.2103240040500261,1,27.19,604.84,21.31252757832245,4951219156.4
2021-12-31,105.27613681753934,-2.6941107600652,8.20417527588448,0.0738883930915008,-0.2547044776801527,5,3,46.43062010026021,9.93920275579898,-0.3630360264258986,1,17.22,686.95,36.08090172540164,5165828236.3
2022-01-31,16.161968874839765,0.4502586173950035,0.5535035058285751,0.0270827404256628,-0.0174992377085146,4,4,42.608809305973125,1.886459059299872,-0.0246056066178031,1,24.83,763.23,48.69082407948571,5337108265.5
2022-02-28,15.13504666696127,1.366688938506572,4.01671654837423,0.0324626892691368,-0.0150684831011436,5,3,71.5610644014909,4.635885746254531,0.0461987733180578,1,30.15,799.93,54.43856668468605,5546146695.6
2022-03-31,11.348333101829969,-0.5773200144466419,-0.201065230795705,0.0119983248412089,-0.0150233206302258,9,4,43.75159723996942,4.335184442209039,-0.040026082000493,0,20.56,843.64,61.144538039844896,5847392245.1
2022-04-30,3.588938885075021,-1.941121043141906,3.956646565294246,0.0031592779960372,-0.0070185231829104,10,4,57.07729468599037,1.7344967645236409,-0.001664923955852,0,33.4,904.79,69.9710700330628,6007872834.15
2022-05-31,8.92197329068601,0.1586407764248155,-0.699526252624401,0.0148318428013602,-0.0047387423528231,12,1,93.92247668591013,8.749742655408577,0.0775292124008737,0,26.19,931.76,73.49595009775626,6400121839.9
2022-06-30,17.309626244604804,-2.2279927388498373,8.24865157627097,0.0229829435134572,-0.0404566404474341,8,2,28.086266732771435,3.9960292549746415,-0.1366278062321309,1,28.71,977.9,78.61839701906919,6789434205.8
2022-07-31,5.678722849524285,1.3762574327971442,2.176519530056626,0.0144630291028677,-0.0004611026941571,11,1,100.0,5.73472983873724,0.0312384358056195,0,21.33,1001.03,79.6020525333716,7088642206.6
2022-08-31,2.1444816422360304,2.9874836402764986,9.425032197072538,0.0060107437878795,-0.0005909671232722,8,2,99.15718499789342,3.2056798598659952,-0.0129051473444734,0,25.87,1015.65,80.20759403832504,7385713398.8
2022-09-30,1.3030649347988306,1.2450945554380646,0.9464253083540042,0.0030701015578726,-3.28725694844767e-05,13,2,99.93002099370206,2.2500065088394416,0.0088217865994634,0,31.62,1046.89,83.45249360389727,7565368630.2
2022-10-31,0.516400404427956,1.1627114197909931,1.4816148303645775,0.0011319473267177,-0.0003279728589017,6,2,83.18584070796496,1.1413935118514296,-0.0142034071392279,0,25.88,,,7918053825.9
2022-11-30,1.8545568744670795,0.0262053974054257,7.31577958431415,0.0038016047625211,-0.0036480467637689,4,5,59.84207557811615,0.3200126360984434,-0.0027979237607715,0,20.58,1115.26,90.86459474260677,8126013739.8
2022-12-31,0.4496962837066769,0.5991719360754306,0.8075415769030645,0.000877071010664,-0.0003859968905804,10,2,97.14285714285928,0.463810329080494,0.0050025052409918,0,21.67,1128.45,86.57000198399575,8478500681.6
2023-01-31,0.5009653917096802,0.1647100134768974,1.6603759656366073,0.0010344956300558,-0.000584537391794,10,1,78.04878048780563,0.5416315484538359,-0.0026889432456631,0,19.4,1203.48,75.19178979547274,8694957388.2
2023-02-28,0.2869357009965191,1.458495055988707,2.566853804288584,0.0007594788806448,-2.1228042243803813e-05,14,1,100.0,0.5003959451388651,0.0005364850163532,0,20.7,1241.33,62.64166764933243,8916088476.6
2023-03-31,0.8912934988808916,0.4891913274618129,0.2289110208233458,0.0020322336285034,-0.0004391302047509,19,1,100.0,1.3828265724872502,0.0123077782562083,0,18.7,1269.75,58.73263910592177,9289651453.3
2023-04-30,0.828280642370295,0.0350666588388354,-1.360889765791995,0.0015200239894943,-0.0001504867467878,8,1,98.39156960621168,1.7504682699369667,-0.0003176911940231,0,15.78,1300.04,54.09890474610024,9735209359.5
2023-05-31,4.401209687929351,3.22694076560846,10.390676927929448,0.0132261694901751,0.0003688751357666,21,0,100.0,4.632353576413761,0.0455944043960593,0,17.94,1300.6,43.746062622265946,9623990150.6
2023-06-30,34.36458819684605,2.0917132920754944,3.139703844341759,0.072913952882504,-0.0025464849639142,10,4,97.20100133799474,23.51795263559968,0.1587347812305013,1,13.59,1351.59,45.05774019060702,11109895713.6
2023-07-31,7.972486276441049,3.399368166442773,10.994388901432028,0.0222741296730972,-0.0010660285833706,8,2,99.04635174096238,13.002750631466142,-0.1250672344366479,0,13.63,1479.84,51.328356682687385,11772964987.8
2023-08-31,9.044057288635472,-3.9579121385836142,14.898227523435654,0.0045853872440801,-0.0253808602744771,13,2,31.85009654203948,0.9056425629416331,-0.1437222656392749,0,13.57,1614.31,61.2648971559294,12343401953.6
2023-09-30,1.9319030716946384,0.8514228030660358,-0.2849490471757687,0.0040786289362979,-0.000103541105819,14,1,99.51142906997023,1.607837650945476,0.0341254061986392,0,17.52,1691.04,66.49830158026879,12666105926.5
2023-10-31,1.8137865650102447,0.6948189024333832,-0.6408858775643682,0.0035569915530504,-0.0001921598770175,9,1,99.8106777735704,3.286765971866568,0.0067309835456541,0,18.14,1749.11,67.07677024329202,13093467551.3
2023-11-30,1.0323766491977258,-0.8667539539596155,0.0311975644818747,0.0019763815397553,-0.0005980178990558,13,1,95.87112171837737,2.8110418424539763,-0.0096648054477516,0,12.92,1806.5,61.980166059932216,13416124412.2
2023-12-31,1.5961913777641137,-0.331473159604218,-0.1628686466558306,0.0026210388907352,-0.0013420218874085,10,1,95.44381920493764,2.436133852126221,0.0160556964844696,0,12.45,1859.38,64.77291860516638,14018354253.4
2024-01-31,2.532478875888729,3.0292988588917136,10.050287458135635,0.0077853468650077,-0.0001321309417633,17,1,99.00099900099868,2.998060875311359,-0.0139497588856637,0,14.35,1984.02,64.85691494665468,14175353014.5
2024-02-29,1.4315380354071734,0.5102732075127719,0.0248796745553923,0.0034113092460283,-0.0003359694860655,20,1,100.0,3.0954733242972043,0.0087964599780674,0,13.4,2073.88,67.0691919151233,14509834653.6
2024-03-31,4.981012546336834,-2.9748395142543287,9.71636624860722,0.0053681839242063,-0.0106182496725241,15,2,67.73475745438378,3.59006136481157,-0.0413134239304581,0,13.01,2139.47,68.49537310494189,14927174843.6
2024-04-30,5.950827171968951,0.4043210771266078,1.4102868550567047,0.0100363028480892,-0.0070029091380252,3,3,70.89030372612466,1.614395808194069,-0.0187404837512259,0,15.65,2207.5,69.80246761638105,15286180597.4
2024-05-31,1.854988283288176,0.1407350617704904,-0.4450210680908943,0.002088370387405,-0.002248433354644,2,7,60.76490438695178,0.0960093830675301,-0.0041335527213677,0,12.92,2281.85,75.44594802398893,15736641130.6
2024-06-30,6.485658156315072,-0.4666563816324045,-0.0563943896802774,0.0070301708919953,-0.0085411726350302,6,3,68.73612743177966,1.585982431848776,0.0626884350933494,0,12.44,2319.29,71.59715594226061,16320642413.3
2024-07-31,4.441814173986341,-0.1867860264040965,-0.0578583693030925,0.0052601476127023,-0.0062581153281254,5,4,66.513504426762,1.4445079389994395,-0.0092392155343526,0,16.36,2394.1,61.78100335171371,16882713549.1
2024-08-31,2.6349184692240035,0.8114743683198916,0.263261710602539,0.0054714071445169,-0.0014751108568159,10,2,98.44306884261894,2.5181824405304365,0.0183715284982515,0,15.0,2453.34,51.974527816838176,17669804886.8
2024-09-30,2.59490902661915,0.3253348759432848,-1.0453878035757005,0.0032310035220584,-0.002432316236447,4,3,59.58711291836169,1.3560918835588298,-0.0100555873604369,0,16.73,2526.16,49.38499384993848,18133618715.8
2024-10-31,1.3964907229535832,-0.1755672817833343,-0.5884628533212872,0.0018492022389389,-0.0013995699025267,4,3,52.39361702127578,0.4803021243381389,-0.0119538973205724,0,23.16,2598.91,48.58470879475847,18420280770.2
2024-11-30,2.2734254776513403,-0.5409243138266878,0.2326130446139793,0.0028783169695685,-0.0028593224978016,5,2,80.89235694277687,0.9763672964627323,0.0162630003487095,0,13.51,2657.23,47.0927207306947,18799033428.6
2024-12-31,1.4809167704206216,-0.9761651157007206,1.7408893354321586,0.0024630611844853,-0.0018884670241332,14,2,86.82466025853464,1.8673584613926095,0.0126625914316044,0,17.35,2684.55,44.37877141842981,19391249850.5
